requirement_id,category,priority,platforms,summary,binding_source,status,implementation,tests,evidence,commit
A11Y-001,A11Y,P1,all,VoiceOver/TalkBack core flows,V12 modular specs/full spec,OPEN,,,,
A11Y-002,A11Y,P1,all,Accessible non-3D country/writer path,V12 modular specs/full spec,OPEN,,,,
A11Y-003,A11Y,P1,all,Large text/Dynamic Type,V12 modular specs/full spec,OPEN,src/host/PlanetMascotControls.css;src/host/PlanetMascotControls.tsx;src/host/bookyPlacement.ts,src/host/bookyPlacement.test.ts;src/host/bookyWalk.test.ts;tests/pwa/booky-live-character.spec.mjs,docs/mobile/evidence/S15/booky-large-text-20260927/result.json,521440d310beed0f5c1f1a9f25ca4597f4485f01
A11Y-004,A11Y,P1,all,Reduced motion and sensory quiet mode,V12 modular specs/full spec,OPEN,src/host/PlanetMascotControls.tsx;src/host/host.css;src/App.tsx;src/host/HostPlatformServices.ts;src/host/PlanetMascotAvatar.tsx;src/host/PlanetMascotControls.css;src/host/useBookyRenderer.ts;src/host/useBookyWalk.ts;src/platform/adapters/web/WebPlatformAdapter.ts;src/host/bookyMotionPreference.ts,src/host/bookyModel.test.ts;src/host/bookyAnimation.test.ts;src/host/bookyWalk.test.ts;src/host/planetMascot.test.ts;src/host/planetMascotPreference.test.ts;src/host/planetMascotPersistence.test.ts;src/host/bookySupport.test.ts;src/host/bookyTourProgress.test.ts;src/host/bookyPlacement.test.ts;src/host/bookySurprise.test.ts;tests/pwa/booky-live-character.spec.mjs;src/host/bookyMotionPreference.test.ts;src/host/HostPlatformServices.test.ts;src/platform/adapters/web/WebPlatformAdapter.test.ts,docs/mobile/evidence/S15/booky-motion-notice-20260924/result.json;docs/mobile/evidence/S15/booky-landscape-space-20260924/result.json;docs/mobile/evidence/S15/booky-gesture-access-20260924/result.json;docs/mobile/evidence/S15/booky-calm-motion-20260927/result.json,6bec9a6415ec60f4724e2af782b068e246fe9b55
A11Y-005,A11Y,P1,all,44x44 controls and focus semantics,V12 modular specs/full spec,OPEN,,,,
A11Y-006,A11Y,P1,all,RU complete and reviewed EN architecture,V12 modular specs/full spec,IN_PROGRESS,src/planet/localization.ts;src/platform/PlatformServices.tsx;src/mobile/ConnectivityStatus.tsx,src/planet/localization.test.ts;src/planet/catalog.test.ts;src/planet/presentation.test.ts;src/loading/stage5LoadingGraph.test.ts;tests/e2e/platform-services.spec.mjs,docs/mobile/evidence/S02/acceptance.json,6305df5fe671718c78b38af1ccc2bafbbdd44346
A11Y-007,A11Y,P1,all,Rights-aware captions/narration/audio,V12 modular specs/full spec,OPEN,,,,
A11Y-008,A11Y,P1,all,No colour/motion/audio-only meaning,V12 modular specs/full spec,OPEN,,,,
BIL-001,LOCALE,P0,all,Russian and English are mandatory production locales,03C;119;142,IN_PROGRESS,src/platform/productPolicy.ts;src/platform/productPolicy.test.ts,,,25b5347970fef19be280d29475953e98dbea69c2
BIL-002,LOCALE,P0,all,Unsupported system locales fall back to English,119;142,OPEN,,,,
BIL-003,LOCALE,P0,all,Russian device preference starts Russian; other unsupported preferences start English,119;142,OPEN,,,,
BIL-004,LOCALE,P0,all,Visible onboarding and Settings language selector exists,119,OPEN,,,,
BIL-005,LOCALE,P0,all,Language switch preserves the same globe Canvas and camera,119;120,OPEN,,,,
BIL-006,LOCALE,P0,all,Language switch preserves country writer work route and entitlements,119,OPEN,,,,
BIL-007,LOCALE,P0,all,Language choice is resolved before first content frame,119,OPEN,,,,
BIL-008,LOCALE,P0,all,Child mode and exact-age policy survive language changes,119;123,OPEN,,,,
BIL-009,LOCALE,P1,all,Parent may lock child profile language without blocking safety,123,OPEN,,,,
BIL-010,LOCALE,P0,all,Language is never inferred from IP nationality SIM or store country,119,IN_PROGRESS,src/platform/productPolicy.ts;src/platform/productPolicy.test.ts,,,25b5347970fef19be280d29475953e98dbea69c2
BIL-011,I18N,P0,web,Shared TypeScript catalogs are type-safe and ICU-compatible,120,IN_PROGRESS,src/planet/localization.ts;src/planet/types.ts,src/planet/localization.test.ts;src/planet/catalog.test.ts;src/planet/presentation.test.ts;src/loading/stage5LoadingGraph.test.ts;tests/e2e/platform-services.spec.mjs,docs/mobile/evidence/S02/acceptance.json,6305df5fe671718c78b38af1ccc2bafbbdd44346
BIL-012,I18N,P0,all,User-facing hardcoded string scanner fails release,120;126,OPEN,,,,
BIL-013,I18N,P0,all,Placeholder names types and counts match across locales,120;126,OPEN,,,,
BIL-014,I18N,P1,all,Plural/select messages are locale-correct and not concatenated,120;126,OPEN,,,,
BIL-015,I18N,P0,all,Dates numbers currencies and lists use locale-aware APIs,120,OPEN,,,,
BIL-016,I18N,P0,ios,Native iOS strings and app language support are localized,120,OPEN,,,,
BIL-017,I18N,P0,android,Android default/Russian resources and localeConfig are complete,120,OPEN,,,,
BIL-018,I18N,P0,android,Android per-app language preferences support ru and en,120,OPEN,,,,
BIL-019,I18N,P0,web-pwa,HTML lang SSR metadata canonical and hreflang are correct,120;124,OPEN,,,,
BIL-020,I18N,P1,all,Translation packages are signed/checksummed and cannot execute code,120;125,OPEN,,,,
BIL-021,TRANSLATION,P0,all,Every English unit stores immutable Russian source hash,121;128,OPEN,,,,
BIL-022,TRANSLATION,P0,all,Source change marks affected English translations STALE,121;125,OPEN,,,,
BIL-023,TRANSLATION,P0,all,Raw machine translation cannot reach production,03C;121;141,OPEN,,,,
BIL-024,TRANSLATION,P0,all,Glossary and translation memory are versioned and enforced,121;129;143,OPEN,,,,
BIL-025,TRANSLATION,P0,all,Independent semantic review detects additions omissions and changed negation,121,OPEN,,,,
BIL-026,TRANSLATION,P0,all,Citations links markup numbers and protected spans remain intact,121;128,OPEN,,,,
BIL-027,TRANSLATION,P0,all,English legal privacy and commerce statements require owner/legal approval,121;124,OPEN,,,,
BIL-028,TRANSLATION,P1,all,Translation metrics expose missing stale blocked and semantic-delta units,121;148,OPEN,,,,
BIL-029,NAMES,P0,all,English writer display names use verified established forms when available,122,OPEN,,,,
BIL-030,NAMES,P0,all,Native/original names and verified aliases are preserved,122;147,OPEN,,,,
BIL-031,TITLES,P0,all,English work titles use verified published titles or labelled fallback,122,OPEN,,,,
BIL-032,TITLES,P0,all,Guessed translation is never presented as an official English title,03C;122,OPEN,,,,
BIL-033,QUOTES,P0,all,English quotations are rights-cleared or replaced by unquoted summary,122,OPEN,,,,
BIL-034,GEOGRAPHY,P0,all,Modern country names use ISO identity and locale display data with editorial exceptions,122,OPEN,,,,
BIL-035,GEOGRAPHY,P1,all,Historical artifact inscriptions remain original with localized explanation,120;122;146,OPEN,,,,
BIL-036,SEARCH,P0,all,Search indexes Russian English native and verified transliteration aliases,122;147,OPEN,,,,
BIL-037,SEARCH,P0,all,Cross-language search resolves the same entity IDs,122;131,OPEN,,,,
BIL-038,SEARCH,P0,all,Alias resolution cannot bypass child policy,122;131,OPEN,,,,
BIL-039,SEARCH,P1,all,Sorting and matching use locale-aware collators and conservative fuzzy rules,122,OPEN,,,,
BIL-040,CONTENT,P0,all,Base Edition English content coverage is exactly 100 percent,03C;125;127;141,OPEN,,,,
BIL-041,CONTENT,P0,all,Untranslated Base Edition content never silently falls back to Russian in English UI,03C;125,OPEN,,,,
BIL-042,CONTENT,P1,all,Optional packs are enabled independently per locale and hidden until complete,125;141,OPEN,,,,
BIL-043,CONTENT,P0,all,English factual claims remain propositionally equivalent to canonical Russian source,121;141,OPEN,,,,
BIL-044,CMS,P0,admin,CMS provides source-target diff glossary memory preview review and rollback,125,OPEN,,,,
BIL-045,CMS,P0,admin,CMS tracks factual child rights legal and publish approvals separately,125,OPEN,,,,
BIL-046,CMS,P1,admin,Bulk translation publication requires dry-run and audit trail,125,OPEN,,,,
BIL-047,CHILD,P0,all,English child content is complete and exact-age reviewed,123;127,OPEN,,,,
BIL-048,PLANETKA,P0,all,Planetka has natural verified age-banded English dialogue,123,OPEN,,,,
BIL-049,PLANETKA,P0,all,Planetka English dialogue contains no purchase pressure or personal-data request,123,OPEN,,,,
BIL-050,AUDIO,P0,all,English audio has script hash transcript pronunciation rights and territory data,123,OPEN,,,,
BIL-051,AUDIO,P0,all,Celebrity character and real-writer voice cloning is prohibited,123,OPEN,,,,
BIL-052,AUDIO,P0,all,Missing English audio falls back to English text not Russian speech,123,OPEN,,,,
BIL-053,OFFLINE,P0,all,Locale-specific text search and audio packs share deduplicated common assets,125,OPEN,,,,
BIL-054,OFFLINE,P0,all,English included offline child and emergency content is complete,123;125,OPEN,,,,
BIL-055,STORE,P0,apple,App Store English and Russian metadata/localized screenshots are prepared,124;130,OPEN,,,,
BIL-056,STORE,P0,google-play,Google English default and Russian translation are manually quality-controlled,124;130,OPEN,,,,
BIL-057,STORE,P1,google-play,Custom store listings have explicit translations and do not rely on automatic translation,124,OPEN,,,,
BIL-058,STORE,P0,rustore,RuStore Russian listing and selectable English app experience pass moderation,124;130,OPEN,,,,
BIL-059,STORE,P0,all,Localized screenshots are captured from the exact RC in the target language,124;130,OPEN,,,,
BIL-060,STORE,P0,all,English review notes match actual English labels and paths,124;133,OPEN,,,,
BIL-061,LEGAL,P0,all,Russian and English Privacy Terms Support and deletion documents are synchronized,124,OPEN,,,,
BIL-062,LEGAL,P0,all,Controlling legal language is owner/legal approved and disclosed,124,OPEN,,,,
BIL-063,SUPPORT,P0,all,Bilingual support intake and realistic response SLA exist for enabled territories,124,OPEN,,,,
BIL-064,QA,P0,all,Pseudo locale hardcoded placeholder and mixed-language scans pass,126;131,OPEN,,,,
BIL-065,QA,P0,all,Russian and English layout/accessibility tests pass at all critical sizes,126;131,OPEN,,,,
BIL-066,QA,P0,all,No critical accidental Cyrillic/raw key appears in English UI,126;141,OPEN,,,,
BIL-067,QA,P0,all,Every bilingual critical path passes clean install offline purchase and failure injection,126;131,OPEN,,,,
BIL-068,OWNER,P0,all,English README start resume post-build and owner approval materials exist,134;135;136;137;138;139,OPEN,,,,
BIL-069,RELEASE,P0,all,Bilingual metrics and publishing gate must pass before owner submission,141;148;149,OPEN,,,,
BIL-070,HANDOFF,P0,all,Final owner handoff contains Russian and English store/legal/reviewer artifacts with no owner translation task,03C;139;149,OPEN,,,,
BIL-071,ENGLISH_STYLE,P0,all,English editorial base uses controlled international en-US style and owner-approved brand names,151,OPEN,,,,
BIL-072,ENGLISH_STYLE,P0,all,"Optional en-GB differences are small reviewed overlays, not a forked content database",151,OPEN,,,,
BIL-073,ENGLISH_STYLE,P0,all,"Adult, child and Planetka English tones follow separate factual and safety rules",151,OPEN,,,,
BIL-074,ENGLISH_STYLE,P0,all,"Protected facts, names, titles, citations and legal terms cannot be changed by style editing",151,OPEN,,,,
BIL-075,WEB_SEO,P0,web-pwa,Russian and English public pages use stable locale routes and reciprocal hreflang,152,OPEN,,,,
BIL-076,WEB_SEO,P0,web-pwa,English pages are self-canonical approved translations and are not canonicalized to Russian,152,OPEN,,,,
BIL-077,WEB_SEO,P0,web-pwa,Server/prerender language metadata and body match before hydration,152,OPEN,,,,
BIL-078,WEB_SEO,P0,web-pwa,Draft stale or rights-blocked English pages are not indexable,152,OPEN,,,,
BIL-079,WEB_SEO,P1,web-pwa,Localized sitemaps structured data social metadata 404 and PWA discovery pass,152,OPEN,,,,
BIL-080,LEGAL,P0,all,Every legal privacy refund deletion child and support document has synchronized ru/en versions,153,OPEN,,,,
BIL-081,LEGAL,P0,all,Controlling legal language and territory applicability are explicitly owner/legal approved,153,OPEN,,,,
BIL-082,LEGAL,P0,all,A change to one legal locale marks the paired locale stale and blocks affected rollout,153,OPEN,,,,
BIL-083,TRANSLATION_GOVERNANCE,P0,all,AI or machine translation is draft assistance only and cannot approve or publish content,154,OPEN,,,,
BIL-084,TRANSLATION_GOVERNANCE,P0,all,Child data credentials secrets contracts and unlicensed texts are not sent to translation providers,154,OPEN,,,,
BIL-085,TRANSLATION_GOVERNANCE,P1,all,Every translation provider has data retention training region rights security and disable records,154,OPEN,,,,
BIL-086,TRANSLATION_GOVERNANCE,P0,all,Generated draft provenance records model prompt source glossary and human review,154,OPEN,,,,
BIL-087,SUPPORT,P0,all,Russian and English support intake and critical response templates exist for every enabled territory,155,OPEN,,,,
BIL-088,SUPPORT,P0,all,Child support never asks a child for personal data and routes sensitive action to a parent,155,OPEN,,,,
BIL-089,SUPPORT,P0,all,Security deletion entitlement and incident messages are fully localized and never mixed-language,155,OPEN,,,,
BIL-090,SUPPORT,P1,all,Push stays disabled in first release and future notifications require ru/en and child-safe deep links,155,OPEN,,,,
BIL-091,EVIDENCE,P0,all,Machine-readable bilingual release evidence binds coverage content child stores legal web and offline to artifact SHA,156,OPEN,,,,
BIL-092,NAMES_TITLES,P0,all,English name title quotation place character and institution evidence follows the dedicated matrix,157,OPEN,,,,
BIL-093,QUALITY,P0,all,Weighted translation quality scorecard reaches every mandatory target before release,158,OPEN,,,,
BIL-094,STORE_LOCALIZATION,P0,all,Every English and Russian store field is generated and validated separately per platform locale,159,OPEN,,,,
BIL-095,HANDOFF,P0,all,Final bilingual owner handoff is independently usable by Russian owner and English reviewer,160,OPEN,,,,
BIL-096,EVIDENCE,P0,all,A schema-valid bilingual release evidence example is maintained as the initial fail-closed state,156;161,OPEN,,,,
BIL-097,TRANSLATION_GOVERNANCE,P0,all,Translation provider registry schema records retention training region rights security and child-data prohibition,162,OPEN,,,,
BIL-098,LEGAL,P0,all,Localized legal document schema binds ru/en versions controlling language territories hashes and approvals,163,OPEN,,,,
BIL-099,OFFLINE,P0,all,Locale package schema binds ru/en package compatibility content child policy files checksums signature and rollback,164,OPEN,,,,
BIL-100,EDITORIAL,P1,all,Structured correction reports do not create public UGC and remain adult/Parent-Gate controlled,165,OPEN,,,,
BIL-101,EDITORIAL,P0,all,A factual source correction marks dependent English units indexes and packages stale until reviewed,165,OPEN,,,,
BIL-102,EDITORIAL,P0,all,Critical correction updates both locales child policy search offline screenshots claims and evidence atomically,165,OPEN,,,,
BIL-103,AUTOMATION,P0,all,Bilingual commands and CI emit artifact-bound evidence and fail closed,166,OPEN,,,,
BIL-104,AUTOMATION,P0,all,Bilingual all-gate covers static content child native web store legal support exact-RC and handoff,166,OPEN,,,,
BIL-105,NO_RETURN,P0,all,Base Edition English critical surfaces cannot be deferred as later localization,168,OPEN,,,,
BIL-106,NO_RETURN,P0,all,Final handoff contains all English architecture content store legal support offline search correction and operations systems,168,OPEN,,,,
BIL-107,NO_RETURN,P0,all,Future third locales cannot weaken or delay complete Russian and English release,168,IN_PROGRESS,src/platform/productPolicy.ts;src/platform/productPolicy.test.ts,,,25b5347970fef19be280d29475953e98dbea69c2
CANON-001,CANON,P0,all,Existing site Literary Planet is sole globe foundation,V12 modular specs/full spec,IN_PROGRESS,docs/mobile/PLATFORM_ARCHITECTURE.md;scripts/mobile/platform-boundaries.mjs;src/App.tsx;src/planet/catalog.ts,src/planet/localization.test.ts;src/planet/catalog.test.ts;src/planet/presentation.test.ts;src/loading/stage5LoadingGraph.test.ts;tests/e2e/platform-services.spec.mjs,docs/mobile/evidence/S02/acceptance.json,6305df5fe671718c78b38af1ccc2bafbbdd44346
CANON-002,CANON,P0,all,Shared IDs/coordinates/editions/textures across clients,V12 modular specs/full spec,IN_PROGRESS,docs/mobile/PLATFORM_ARCHITECTURE.md;docs/mobile/evidence/S00/current-main-canonical-delta.json;src/planet/catalog.ts;src/planet/selection.ts;src/planet/editions.ts,src/planet/localization.test.ts;src/planet/catalog.test.ts;src/planet/presentation.test.ts;src/loading/stage5LoadingGraph.test.ts;tests/e2e/platform-services.spec.mjs,docs/mobile/evidence/S02/acceptance.json,6305df5fe671718c78b38af1ccc2bafbbdd44346
CANON-003,CANON,P0,all,One Canvas/renderer per active experience,V12 modular specs/full spec,IN_PROGRESS,src/main.tsx;src/platform/PlatformServices.tsx,src/planet/localization.test.ts;src/planet/catalog.test.ts;src/planet/presentation.test.ts;src/loading/stage5LoadingGraph.test.ts;tests/e2e/platform-services.spec.mjs,docs/mobile/evidence/S02/acceptance.json,6305df5fe671718c78b38af1ccc2bafbbdd44346
CANON-004,CANON,P0,all,Canonical CMS is only factual content source,V12 modular specs/full spec,IN_PROGRESS,docs/mobile/PLATFORM_ARCHITECTURE.md;docs/mobile/evidence/S00/current-main-canonical-delta.json;src/planet/catalog.ts;src/planet/editorialCatalog.ts;src/planet/books.ts,src/planet/localization.test.ts;src/planet/catalog.test.ts;src/planet/presentation.test.ts;src/loading/stage5LoadingGraph.test.ts;tests/e2e/platform-services.spec.mjs,docs/mobile/evidence/S02/acceptance.json,6305df5fe671718c78b38af1ccc2bafbbdd44346
CANON-005,CANON,P0,all,Real portraits and canonical flags reused,V12 modular specs/full spec,IN_PROGRESS,src/planet/brand.ts;src/planet/catalog.ts,src/planet/localization.test.ts;src/planet/catalog.test.ts;src/planet/presentation.test.ts;src/loading/stage5LoadingGraph.test.ts;tests/e2e/platform-services.spec.mjs,docs/mobile/evidence/S02/acceptance.json,6305df5fe671718c78b38af1ccc2bafbbdd44346
CANON-006,CANON,P0,all,Site/Web/PWA/Android/iOS parity gates,V12 modular specs/full spec,IN_PROGRESS,docs/mobile/PLATFORM_ARCHITECTURE.md;docs/mobile/STAGE_REQUIREMENT_MAP.json,,,25b5347970fef19be280d29475953e98dbea69c2
CANON-007,CANON,P0,all,Public site and admin remain regression-safe,V12 modular specs/full spec,IN_PROGRESS,scripts/lib/stage5-content-data-lock.test.mjs;docs/mobile/evidence/S00/current-main-baseline-results.json;src/main.tsx;src/App.tsx;src/loading/bookArchiveRuntime.ts,src/planet/localization.test.ts;src/planet/catalog.test.ts;src/planet/presentation.test.ts;src/loading/stage5LoadingGraph.test.ts;tests/e2e/platform-services.spec.mjs,docs/mobile/evidence/S02/acceptance.json,6305df5fe671718c78b38af1ccc2bafbbdd44346
CANON-008,CANON,P0,all,No remote website as native core runtime,V12 modular specs/full spec,IN_PROGRESS,scripts/mobile/platform-boundaries.mjs;scripts/mobile/platform-boundaries.test.mjs,,,25b5347970fef19be280d29475953e98dbea69c2
CHAR-001,CHAR,P0,all,Russian and foreign literary character catalog,V12 modular specs/full spec,OPEN,,,,
CHAR-002,CHAR,P0,all,Rights-cleared StoryWorld minimum,V12 modular specs/full spec,OPEN,,,,
CHAR-003,CHAR,P0,all,Character-to-work-author-country learning path,V12 modular specs/full spec,OPEN,,,,
CHAR-004,CHAR,P0,all,Asset-specific rights/provenance,V12 modular specs/full spec,OPEN,,,,
CHAR-005,CHAR,P0,all,Protected characters hidden until rights,V12 modular specs/full spec,OPEN,,,,
CHAR-006,CHAR,P0,all,Disney candidates blocked by default,V12 modular specs/full spec,OPEN,,,,
CHAR-007,CHAR,P0,all,No Disney AI imitation/assets/SKU/marketing without license,V12 modular specs/full spec,OPEN,,,,
CHAR-008,CHAR,P0,all,Disney territory/term/royalty/post-term workflow,V12 modular specs/full spec,OPEN,,,,
CHILD-001,CHILD,P0,all,Up to four local profiles,V12 modular specs/full spec,OPEN,,,,
CHILD-002,CHILD,P0,all,Exact age 3-17,V12 modular specs/full spec,OPEN,,,,
CHILD-003,CHILD,P0,all,Per-work access decision,V12 modular specs/full spec,OPEN,,,,
CHILD-004,CHILD,P0,all,Per-character/scene/media decision,V12 modular specs/full spec,OPEN,,,,
CHILD-005,CHILD,P0,all,Separate search/cache/history/offline,V12 modular specs/full spec,OPEN,,,,
CHILD-006,CHILD,P0,all,Policy restored before first content frame,V12 modular specs/full spec,OPEN,,,,
CHILD-007,CHILD,P0,all,No adult flash or route bypass,V12 modular specs/full spec,OPEN,,,,
CHILD-008,CHILD,P0,all,Secure Parent Gate,V12 modular specs/full spec,OPEN,,,,
CHILD-009,CHILD,P0,all,Back/restart/deep-link/callback cannot bypass,V12 modular specs/full spec,OPEN,,,,
CHILD-010,CHILD,P0,all,Child mode included in base purchase,V12 modular specs/full spec,OPEN,,,,
CHILD-011,CHILD,P0,all,No price/Buy/ads/tracking/open AI chat,V12 modular specs/full spec,OPEN,,,,
CHILD-012,CHILD,P0,all,Parent data export/delete and age reconfirmation,V12 modular specs/full spec,OPEN,,,,
CHPRIV-001,CHILD_PRIVACY,P0,all,SAFE_PAID_BILINGUAL_V1 keeps child profiles local and disables child cloud/account/ads/analytics/uploads,108,OPEN,,,,
CHPRIV-002,CHILD_PRIVACY,P0,us,COPPA applicability and parental-consent gate are assessed before US child-data collection,108;109,OPEN,,,,
CHPRIV-003,CHILD_PRIVACY,P0,eu,EU Member-State child-consent thresholds and lawful basis are assessed per territory,108;109,OPEN,,,,
CHPRIV-004,CHILD_PRIVACY,P0,france,French age-15 consent and child-contract/privacy questions are reviewed when applicable,108;109,OPEN,,,,
CHPRIV-005,CHILD_PRIVACY,P0,uk,UK Children's Code / age-appropriate design assessment is completed before UK launch,108;109,OPEN,,,,
CHPRIV-006,CHILD_PRIVACY,P0,all,"Any child account, sync, upload, notification, profiling or AI-input feature reopens legal/store gates",108,OPEN,,,,
CHPRIV-007,CHILD_PRIVACY,P0,all,"Child-facing privacy notice is clear, age-appropriate and tied to actual data flow",108,OPEN,,,,
CHPRIV-008,CHILD_PRIVACY,P0,all,Parent can access/delete applicable child data and local profile,108,OPEN,,,,
CHPRIV-009,CHILD_PRIVACY,P0,all,Territory cannot launch while child legal/data-flow assessment is unknown,108;109,OPEN,,,,
CHPRIV-010,CHILD_PRIVACY,P1,all,Child jurisdiction evidence and owner/legal approval are generated per enabled territory,108;109,OPEN,,,,
COMMERCE-001,COMMERCE,P0,all,Paid-upfront base distribution,V12 modular specs/full spec,OPEN,,,,
COMMERCE-002,COMMERCE,P0,all,Complete Starter Set included,V12 modular specs/full spec,OPEN,,,,
COMMERCE-003,COMMERCE,P0,all,Optional purchases non-consumable only,V12 modular specs/full spec,OPEN,,,,
COMMERCE-004,COMMERCE,P0,all,"No subscription, ads, currency or loot boxes",V12 modular specs/full spec,OPEN,,,,
COMMERCE-005,COMMERCE,P0,all,Store prices loaded from platform,V12 modular specs/full spec,OPEN,,,,
COMMERCE-006,COMMERCE,P0,all,Server-authoritative verification,V12 modular specs/full spec,OPEN,,,,
COMMERCE-007,COMMERCE,P0,all,Pending/cancel/restore/reinstall/refund/revoke handled,V12 modular specs/full spec,OPEN,,,,
COMMERCE-008,COMMERCE,P0,all,Web one-time license,V12 modular specs/full spec,OPEN,,,,
COMMERCE-009,COMMERCE,P0,all,Platform scope disclosed,V12 modular specs/full spec,OPEN,,,,
COMMERCE-010,COMMERCE,P0,all,Family sharing only when configured,V12 modular specs/full spec,OPEN,,,,
COMMERCE-011,COMMERCE,P0,all,Google app not public-free before paid release,V12 modular specs/full spec,OPEN,,,,
COMMERCE-012,COMMERCE,P0,all,RuStore current Pay SDK,V12 modular specs/full spec,OPEN,,,,
COMMERCE-013,COMMERCE,P0,all,Paid app agreements/prices gated,V12 modular specs/full spec,OPEN,,,,
CONTENT-001,CONTENT,P0,all,Country/writer/work production screens,V12 modular specs/full spec,OPEN,,,,
CONTENT-002,CONTENT,P0,all,Verified biographies and works,V12 modular specs/full spec,OPEN,,,,
CONTENT-003,CONTENT,P0,all,No generated real-person factual assets,V12 modular specs/full spec,OPEN,,,,
CONTENT-004,CONTENT,P0,all,Deterministic web/mobile/child export,V12 modular specs/full spec,IN_PROGRESS,src/planet/catalog.ts;src/planet/books.ts;src/loading/bookArchiveRuntime.ts,src/planet/localization.test.ts;src/planet/catalog.test.ts;src/planet/presentation.test.ts;src/loading/stage5LoadingGraph.test.ts;tests/e2e/platform-services.spec.mjs,docs/mobile/evidence/S02/acceptance.json,6305df5fe671718c78b38af1ccc2bafbbdd44346
CONTENT-005,CONTENT,P0,all,Signed content manifests,V12 modular specs/full spec,OPEN,,,,
CONTENT-006,CONTENT,P0,all,Atomic update/rollback,V12 modular specs/full spec,OPEN,,,,
CONTENT-007,CONTENT,P0,all,Airplane-mode core,V12 modular specs/full spec,OPEN,,,,
CONTENT-008,CONTENT,P0,all,Interrupted download recovery,V12 modular specs/full spec,OPEN,,,,
CONTENT-009,CONTENT,P0,all,Optional adult sync conflict policy,V12 modular specs/full spec,OPEN,,,,
CONTENT-010,CONTENT,P0,all,Content correction/emergency unpublish,V12 modular specs/full spec,OPEN,,,,
CUSTOM-001,CUSTOM,P1,all,Included skins/stands/backgrounds/accessories,V12 modular specs/full spec,OPEN,,,,
CUSTOM-002,CUSTOM,P1,all,Optional catalog scalable without runtime code,V12 modular specs/full spec,OPEN,,,,
CUSTOM-003,CUSTOM,P1,all,Transactional same-runtime preview/apply/revert,V12 modular specs/full spec,OPEN,,,,
CUSTOM-004,CUSTOM,P1,all,Full-3D truthful High/Balanced scenes,V12 modular specs/full spec,OPEN,,,,
CUSTOM-005,CUSTOM,P1,all,Economy/static fallback,V12 modular specs/full spec,OPEN,,,,
CUSTOM-006,CUSTOM,P1,all,Compatibility graph,V12 modular specs/full spec,OPEN,,,,
CUSTOM-007,CUSTOM,P1,all,Bounded cache and explicit GPU disposal,V12 modular specs/full spec,OPEN,,,,
CUSTOM-008,CUSTOM,P1,all,30-switch stress,V12 modular specs/full spec,OPEN,,,,
CUSTOM-009,CUSTOM,P1,all,Owner self-service asset publication,V12 modular specs/full spec,OPEN,,,,
MOD-001,IDENTITY,P0,all,Store name defaults to «Литературная планета» and passes current limits,03A;27N,OPEN,,,,
MOD-002,IDENTITY,P0,all,"Installed name, listing, icon, splash and legal identity are consistent",27N,OPEN,,,,
MOD-003,AUDIENCE,P0,apple,Apple Kids Category is not selected automatically,03A;27G,OPEN,,,,
MOD-004,AUDIENCE,P0,all,Whole-binary sensitive-content inventory drives age ratings,27G,OPEN,,,,
MOD-005,AUDIENCE,P0,google-play,Google target audience matches actual child-facing experience,27C;27G,OPEN,,,,
MOD-006,AUDIENCE,P0,rustore,RuStore age marking matches exact build,27D;27G,OPEN,,,,
MOD-007,ACCESS,P0,all,Stable reviewer account works without SMS OTP owner intervention or physical biometric,27E,OPEN,,,,
MOD-008,ACCESS,P0,all,Review Parent PIN and instructions work from clean install,27E,OPEN,,,,
MOD-009,ACCESS,P0,all,Review backend and credentials have automated health check,27E,OPEN,,,,
MOD-010,ACCESS,P1,all,Reviewer video and exact numbered path are generated,27E;27O,OPEN,,,,
MOD-011,IAP,P0,all,Sandbox optional product is reviewer-accessible on each configured store,27B;27C;27D,OPEN,,,,
MOD-012,IAP,P0,all,Restore Purchases path is documented and tested,27B;27C;27D,OPEN,,,,
MOD-013,IAP,P0,all,Paid base and optional IAP are explained truthfully,03A;27A,OPEN,,,,
MOD-014,IAP,P0,native,Native digital products do not use prohibited web-checkout bypass,03A,OPEN,,,,
MOD-015,RIGHTS,P0,all,Exact RC binary excludes all blocked and unlicensed assets,03A;27I,OPEN,,,,
MOD-016,RIGHTS,P0,all,"Disney/Pixar absent unless exact license, marketing and platform gates pass",14;27I,OPEN,,,,
MOD-017,RIGHTS,P0,all,Generated real-person portraits are absent,15;27I,OPEN,,,,
MOD-018,RIGHTS,P0,all,"Every factual visual asset has provenance, checksum and approval",27I,OPEN,,,,
MOD-019,RIGHTS,P0,all,Store screenshot marketing rights are validated independently,27F;27I,OPEN,,,,
MOD-020,SCREENSHOTS,P0,all,All store screenshots come from exact RC build,27F,OPEN,,,,
MOD-021,SCREENSHOTS,P0,all,Concept collage is excluded from store submission,27F;48,OPEN,,,,
MOD-022,SCREENSHOTS,P0,all,"Screenshots contain canonical portraits, flags and verified content",27F,OPEN,,,,
MOD-023,METADATA,P0,all,Every listing claim maps to an implemented RC feature,27F;27M,OPEN,,,,
MOD-024,METADATA,P0,all,"Metadata excludes fake prices, future functions and unverifiable claims",27M,OPEN,,,,
MOD-025,METADATA,P0,all,Store-specific listing excludes competing-store badges and links,27M,OPEN,,,,
MOD-026,PRIVACY,P0,all,"Canonical data inventory is generated from exact code, SDK, backend and traffic",27H,OPEN,,,,
MOD-027,PRIVACY,P0,all,"Apple privacy, Google Data Safety and RuStore declarations match inventory",27H,OPEN,,,,
MOD-028,PRIVACY,P0,all,"Privacy policy is public, in-app and consistent",27H,OPEN,,,,
MOD-029,ACCOUNT,P0,all,In-app account deletion works when account creation exists,27H,OPEN,,,,
MOD-030,ACCOUNT,P0,web;google-play,Required public deletion path works and retention is disclosed,27H,OPEN,,,,
MOD-031,PERMISSIONS,P0,all,Release manifests contain only allowlisted necessary permissions,27H,OPEN,,,,
MOD-032,PERMISSIONS,P0,all,Narration does not request microphone permission,27H,OPEN,,,,
MOD-033,PERMISSIONS,P0,all,"Every sensitive permission has rationale, declaration and denial path",27H,OPEN,,,,
MOD-034,TOOLCHAIN,P0,apple,Current Apple Xcode and iOS SDK requirements pass at RC,28;27J,OPEN,,,,
MOD-035,TOOLCHAIN,P0,google-play,Current Google target API and Billing requirements pass at RC,28;27J,OPEN,,,,
MOD-036,TOOLCHAIN,P0,rustore,Current RuStore Pay SDK and signing requirements pass at RC,28;27J,OPEN,,,,
MOD-037,BUILD,P0,all,Each store variant contains only its billing provider and update links,03A;27J,OPEN,,,,
MOD-038,BUILD,P0,all,"Exact submitted artifact identity, checksum and content versions are frozen",27P;27O,OPEN,,,,
MOD-039,BUILD,P0,all,Review build is reproducible from recorded source and toolchain,27P,OPEN,,,,
MOD-040,STABILITY,P0,all,Clean-install and launch moderation smoke passes,27J,OPEN,,,,
MOD-041,STABILITY,P0,all,Offline and slow network cannot create endless loader or data corruption,27J,OPEN,,,,
MOD-042,STABILITY,P0,all,"WebGL context loss, low memory and Economy fallback pass",27J,OPEN,,,,
MOD-043,CHILD,P0,all,Saved child mode exposes no adult frame during startup,11;27J,OPEN,,,,
MOD-044,CHILD,P0,all,"Parent Gate protects store, purchase, external links and mode exit",11;27B;27C,OPEN,,,,
MOD-045,CHILD,P0,all,"Child search, cache, history, offline and deep links are isolated",11;27G,OPEN,,,,
MOD-046,DOSSIER,P0,apple,App Store review dossier is complete and bound to exact build,27A;27B;27O,OPEN,,,,
MOD-047,DOSSIER,P0,google-play,Google Play review dossier is complete and bound to exact build,27A;27C;27O,OPEN,,,,
MOD-048,DOSSIER,P0,rustore,RuStore review dossier is complete and bound to exact build,27A;27D;27O,OPEN,,,,
MOD-049,REJECTION,P1,all,"Rejection intake, classification and ledger are implemented",27K,OPEN,,,,
MOD-050,REJECTION,P0,all,"Resubmission requires root-cause fix, regression and new artifact evidence",27K,OPEN,,,,
MOD-051,AUTOPILOT,P0,all,Moderation precheck commands and CI gates fail closed,27Q,OPEN,,,,
MOD-052,HANDOFF,P0,all,Owner receives exact submission and rejection instructions,27A;27L;27O,OPEN,,,,
OMIN-001,OWNER_INPUT,P0,all,All nonsecret owner decisions live in one owner-release-inputs.json,03B;90,OPEN,,,,
OMIN-002,OWNER_INPUT,P0,all,Owner input validates against JSON Schema,90,OPEN,,,,
OMIN-003,OWNER_INPUT,P0,all,Safe defaults are applied without repeated clarification,03B;85,IN_PROGRESS,src/platform/productPolicy.ts;docs/mobile/EXECUTION_STATE.md,,,25b5347970fef19be280d29475953e98dbea69c2
OMIN-004,OWNER_INPUT,P0,all,One Russian missing-input report groups all owner blockers,03B;102,OPEN,,,,
OMIN-005,OWNER_INPUT,P1,all,Same owner value is never manually entered in multiple generated files,03B,OPEN,,,,
OMIN-006,SECRETS,P0,all,Secrets are referenced by name only and never logged or committed,03B;92,OPEN,,,,
OMIN-007,SECRETS,P0,all,"Every signing/API/payment secret has owner, scope, backup, rotation and revocation",92,OPEN,,,,
OMIN-008,RELEASE_PROFILE,P0,all,SAFE_PAID_BILINGUAL_V1 is the default first public release profile,03B;85,IN_PROGRESS,src/platform/productPolicy.ts;docs/mobile/AUTOPILOT_STATE.json,,,25b5347970fef19be280d29475953e98dbea69c2
OMIN-009,RELEASE_PROFILE,P0,native,Native first release is accountless-first,03B;85,OPEN,,,,
OMIN-010,RELEASE_PROFILE,P0,all,Account feature cannot enable without deletion/privacy/reviewer-access gates,03B;85,OPEN,,,,
OMIN-011,RELEASE_PROFILE,P0,all,Push and behavioural analytics are disabled in V1,03B;85,OPEN,,,,
OMIN-012,RELEASE_PROFILE,P0,all,No unfinished locale is included,85,OPEN,,,,
OMIN-013,IAP,P0,all,First review uses at most one fully ready original optional non-consumable,03B;85,OPEN,,,,
OMIN-014,IAP,P0,all,Optional IAP may be safely disabled per platform without harming paid base app,85,OPEN,,,,
OMIN-015,RIGHTS,P0,all,Disney/Pixar and all unlicensed packs remain absent from first production release,03B;85,OPEN,,,,
OMIN-016,AUTOMATION,P0,all,release:prepare:all generates all release packages without production submission,97,OPEN,,,,
OMIN-017,AUTOMATION,P0,all,All store upload commands default to dry-run,03B;88,OPEN,,,,
OMIN-018,AUTOMATION,P0,all,Draft upload requires explicit owner confirmation and exact artifact hash,88;105,OPEN,,,,
OMIN-019,AUTOMATION,P0,all,"No automation accepts legal agreements, releases production or merges main",03B;88,IN_PROGRESS,src/platform/productPolicy.ts;src/platform/productPolicy.test.ts,,,25b5347970fef19be280d29475953e98dbea69c2
OMIN-020,AUTOMATION,P1,apple,Apple metadata/build upload automation uses official supported paths,88;98,OPEN,,,,
OMIN-021,AUTOMATION,P1,google-play,Google Play draft/listing/track automation uses transactional Publishing API edits,88;98,OPEN,,,,
OMIN-022,AUTOMATION,P1,rustore,RuStore draft/version automation uses current Public API where supported,88;98,OPEN,,,,
OMIN-023,AUTOMATION,P1,web-pwa,Web/PWA automation deploys staging and validates entitlement/webhooks,88;97,OPEN,,,,
OMIN-024,CONSOLE,P0,all,Exact store console field worksheets are generated from owner input and RC,93,OPEN,,,,
OMIN-025,CONSOLE,P0,all,Owner receives direct file/field/section instructions with no programming task,96;100;101,OPEN,,,,
OMIN-026,COMPLIANCE,P0,apple-eu,Apple DSA trader status workflow and evidence are prepared,86;104,OPEN,,,,
OMIN-027,COMPLIANCE,P0,apple,Apple export-compliance encryption inventory and questionnaire are prepared,86;104,OPEN,,,,
OMIN-028,COMPLIANCE,P0,apple-france,French encryption documentation decision is recorded when relevant,86;104,OPEN,,,,
OMIN-029,COMPLIANCE,P0,apple,"Privacy manifests, Required Reason APIs and Xcode privacy report are audited",86,OPEN,,,,
OMIN-030,COMPLIANCE,P1,apple,Accessibility product-page declarations are generated from tested features,86,OPEN,,,,
OMIN-031,COMPLIANCE,P0,android,Android developer verification/package/signing registration is prepared,87;104,OPEN,,,,
OMIN-032,COMPLIANCE,P0,android,Affected-country developer-verification rollout is rechecked before release,87;104,OPEN,,,,
OMIN-033,TERRITORY,P0,all,Public release uses SAFE_INITIAL rather than worldwide by default,03B;94,OPEN,,,,
OMIN-034,TERRITORY,P0,all,"Every territory passes payment, legal, language, support and rights gates",94,OPEN,,,,
OMIN-035,TERRITORY,P0,apple-eu,Current Apple EU business terms are rechecked at actual release date,86;104,OPEN,,,,
OMIN-036,OWNER_APPROVAL,P0,all,FINAL_OWNER_APPROVAL_RU.html and Markdown are generated,03B;100,OPEN,,,,
OMIN-037,OWNER_APPROVAL,P0,all,Owner approvals propagate to all platform packages,03B;100,OPEN,,,,
OMIN-038,HANDOFF,P0,all,Owner handoff folder contains every artifact needed for submission,97,OPEN,,,,
OMIN-039,HANDOFF,P0,all,Final owner actions contain no source-code or manual JSON work,96;101,OPEN,,,,
OMIN-040,OPERATIONS,P1,all,First 72-hour launch monitoring and incident runbook are prepared,99;106,OPEN,,,,
OMIN-041,OPERATIONS,P1,all,Release is manual or staged and can pause on P0/P1,99;106,OPEN,,,,
OMIN-042,CONTEXT,P0,codex,Codex reads stage-routed documents instead of full package every session,89;95,IN_PROGRESS,scripts/mobile/stage-context.mjs;scripts/mobile/requirements.test.mjs;scripts/mobile/verify-state.mjs,,,25b5347970fef19be280d29475953e98dbea69c2
OMIN-043,CONTEXT,P0,codex,Standalone prompt is recovery fallback and is not read twice,89,IN_PROGRESS,scripts/mobile/stage-context.mjs;scripts/mobile/verify-state.mjs,,,25b5347970fef19be280d29475953e98dbea69c2
OMIN-044,CONTEXT,P0,codex,Every session leaves a self-contained checkpoint with next routed docs,89,IN_PROGRESS,scripts/mobile/verify-state.mjs;docs/mobile/NEXT_CODEX_PROMPT.txt,,,25b5347970fef19be280d29475953e98dbea69c2
OMIN-045,STATUS,P0,all,"Ready-internal, draft-ready, submitted, approved and released statuses remain distinct",103,IN_PROGRESS,scripts/mobile/state.mjs;scripts/mobile/state.test.mjs;docs/mobile/EXECUTION_STATE.md,,,25b5347970fef19be280d29475953e98dbea69c2
OMIN-046,HANDOFF,P0,all,Owner receives one self-contained handoff folder with every submission artifact,110,OPEN,,,,
OMIN-047,HANDOFF,P0,all,"Owner handoff contains exact field values, file paths and step-by-step store instructions",110,OPEN,,,,
OMIN-048,HANDOFF,P0,all,Owner handoff usability is tested with a fresh-reader review,110,OPEN,,,,
OMIN-049,RELEASE_PROFILE,P0,all,SAFE_PAID_BILINGUAL_V1 defaults exist as a machine-readable canonical config,111,OPEN,,,,
OMIN-050,HANDOFF,P0,all,Owner action minimization matrix proves zero programming actions for owner,112,OPEN,,,,
OMIN-051,OWNER_APPROVAL,P0,all,"Owner approval state is machine-readable, hashable and artifact-bound",113,OPEN,,,,
OMIN-052,HANDOFF,P0,all,Owner handoff index is machine-readable and requires zero owner programming tasks,114,OPEN,,,,
OMIN-053,AUTOMATION,P0,all,Release automation starts from a validated machine-readable state,103;115,OPEN,,,,
OMIN-054,STATUS,P0,all,Codex stop conditions distinguish internal failures from objective external blockers,116,IN_PROGRESS,scripts/mobile/state.mjs;scripts/mobile/state.test.mjs;docs/mobile/EXECUTION_STATE.md,,,25b5347970fef19be280d29475953e98dbea69c2
OMIN-055,OWNER_APPROVAL,P1,all,Offline owner approval HTML template exports a schema-valid hashable approval record,113;117,OPEN,,,,
OPS-001,OPS,P1,all,Owner self-service CMS/commerce/rights,V12 modular specs/full spec,OPEN,,,,
OPS-002,OPS,P1,all,Feature flags cannot weaken safety,V12 modular specs/full spec,IN_PROGRESS,src/platform/productPolicy.ts;src/platform/productPolicy.test.ts,,,25b5347970fef19be280d29475953e98dbea69c2
OPS-003,OPS,P1,all,Health dashboard and redacted diagnostics,V12 modular specs/full spec,OPEN,,,,
OPS-004,OPS,P1,all,Support/runbooks and severity matrix,V12 modular specs/full spec,OPEN,,,,
OPS-005,OPS,P1,all,Database/media/metadata backups,V12 modular specs/full spec,OPEN,,,,
OPS-006,OPS,P1,all,Verified restore drills,V12 modular specs/full spec,OPEN,,,,
OPS-007,OPS,P1,all,Release train/staged rollout/rollback,V12 modular specs/full spec,OPEN,,,,
OPS-008,OPS,P1,all,App-review rejection playbooks,V12 modular specs/full spec,OPEN,,,,
OPS-009,OPS,P1,all,Maintenance calendar/EOL policy,V12 modular specs/full spec,OPEN,,,,
OPS-010,OPS,P1,all,Final no-return handoff,V12 modular specs/full spec,OPEN,,,,
PERF-001,PERF,P1,all,Cold/warm startup budgets,V12 modular specs/full spec,OPEN,,,,
PERF-002,PERF,P1,all,High/Balanced/Economy tiers,V12 modular specs/full spec,OPEN,,,,
PERF-003,PERF,P1,all,Idle rendering bounded,V12 modular specs/full spec,OPEN,,,,
PERF-004,PERF,P1,all,Memory/GPU leak-free soak,V12 modular specs/full spec,OPEN,,,,
PERF-005,PERF,P1,all,Low-memory/context recovery,V12 modular specs/full spec,OPEN,,,,
PERF-006,PERF,P1,all,Device and thermal matrix,V12 modular specs/full spec,OPEN,,,,
PERF-007,PERF,P1,all,Bundle/package budgets,V12 modular specs/full spec,OPEN,,,,
PERF-008,PERF,P1,all,Background/resume listener stability,V12 modular specs/full spec,OPEN,,,,
PLANETKA-001,PLANETKA,P1,all,Original mascot separate from globe surface,V12 modular specs/full spec,OPEN,src/host/PlanetMascotAvatar.css;src/host/PlanetMascotAvatar.tsx;src/host/PlanetMascotControls.css;src/host/PlanetMascotControls.tsx;src/host/bookyAnimation.ts;src/host/bookyModel.ts;src/host/useBookyRenderer.ts;src/host/bookyWalk.ts;src/host/useBookyWalk.ts,src/host/bookyModel.test.ts;src/host/bookyAnimation.test.ts;src/host/bookyWalk.test.ts;tests/pwa/booky-live-character.spec.mjs,docs/mobile/evidence/S15/booky-enhancement-20260923/result.json,10beb1315ea29184fced208ee26049db093e4823
PLANETKA-002,PLANETKA,P1,all,Mouth below eyes; hands/legs fully visible,V12 modular specs/full spec,OPEN,src/host/PlanetMascotAvatar.css;src/host/PlanetMascotAvatar.tsx;src/host/PlanetMascotControls.css;src/host/PlanetMascotControls.tsx;src/host/bookyAnimation.ts;src/host/bookyModel.ts;src/host/useBookyRenderer.ts;src/host/bookyWalk.ts;src/host/useBookyWalk.ts;src/host/bookyPlacement.ts;src/host/PlanetStandControls.css;src/host/host.css;src/App.tsx;src/host/NativePlanetPanel.tsx;src/host/bookySurprise.ts;src/host/HostPlatformServices.ts;src/platform/adapters/web/WebPlatformAdapter.ts;src/host/bookyMotionPreference.ts;src/components/BookArchiveSection.tsx;src/styles/book-dossier.css;src/styles/book-shelf-controls.css,src/host/bookyModel.test.ts;src/host/bookyAnimation.test.ts;src/host/bookyWalk.test.ts;tests/pwa/booky-live-character.spec.mjs;src/host/planetMascot.test.ts;src/host/planetMascotPreference.test.ts;src/host/planetMascotPersistence.test.ts;src/host/bookySupport.test.ts;src/host/bookyTourProgress.test.ts;src/host/bookyPlacement.test.ts;tests/pwa/booky-reader-policy.spec.mjs;src/host/bookySurprise.test.ts;src/host/bookyMotionPreference.test.ts;src/host/HostPlatformServices.test.ts;src/platform/adapters/web/WebPlatformAdapter.test.ts;tests/pwa/booky-short-viewport.spec.mjs;tests/pwa/booky-character-step.spec.mjs,docs/mobile/evidence/S15/booky-enhancement-20260923/result.json;docs/mobile/evidence/S15/booky-mobile-placement-20260923/result.json;docs/mobile/evidence/S15/globe-landscape-controls-20260923/result.json;docs/mobile/evidence/S15/booky-help-placement-20260923/result.json;docs/mobile/evidence/S15/booky-compact-landscape-20260923/result.json;docs/mobile/evidence/S15/booky-approach-stop-20260923/result.json;docs/mobile/evidence/S15/booky-walk-continuity-20260923/result.json;docs/mobile/evidence/S15/booky-mobile-dock-20260923/result.json;docs/mobile/evidence/S15/booky-touch-reset-20260923/result.json;docs/mobile/evidence/S15/booky-orientation-20260924/result.json;docs/mobile/evidence/S15/booky-utility-dock-20260924/result.json;docs/mobile/evidence/S15/booky-utility-landscape-20260924/result.json;docs/mobile/evidence/S15/booky-mobile-polish-20260924/result.json;docs/mobile/evidence/S15/booky-left-glove-20260924/result.json;docs/mobile/evidence/S15/booky-touch-gestures-20260924/result.json;docs/mobile/evidence/S15/booky-scale-clearance-20260924/result.json;docs/mobile/evidence/S15/booky-playful-poses-20260924/result.json;docs/mobile/evidence/S15/booky-gesture-stop-20260924/result.json;docs/mobile/evidence/S15/booky-landscape-space-20260924/result.json;docs/mobile/evidence/S15/booky-gesture-access-20260924/result.json;docs/mobile/evidence/S15/booky-calm-motion-20260927/result.json;docs/mobile/evidence/S15/booky-large-text-20260927/result.json;docs/mobile/evidence/S15/booky-character-recovery-20260927/result.json;docs/mobile/evidence/S15/booky-short-viewport-20260927/result.json;docs/mobile/evidence/S15/booky-heading-wrap-20260927/result.json;docs/mobile/evidence/S15/booky-mobile-design-20260930-a5/result.json,c55c7d0749404421807c0138145c0ea97a4e89a7
PLANETKA-003,PLANETKA,P1,all,Scripted reviewed sourced dialogue,V12 modular specs/full spec,IN_PROGRESS,src/host/bookyDialogueRegistry.ts;src/host/bookyDialogueDrafts.ts;scripts/mobile/verify-booky-dialogue-drafts.mjs;src/host/bookyNavigationDrafts.ts;scripts/mobile/verify-booky-navigation-drafts.mjs;src/App.tsx;src/components/BookArchiveSection.tsx;src/components/WriterPanel.tsx;src/host/bookyJourney.ts;src/loading/DeferredHomepageArchives.tsx;src/components/LiteraryGlobe.tsx;src/components/LiteraryWorldMap.tsx;src/books/bookArchiveDetailView.ts;src/host/bookyJourneyRuntime.ts;src/host/BookyJourneyControls.tsx;src/host/BookyJourneyControls.css;src/host/bookyJourneyCatalog.ts;src/host/bookyJourneyContent.ts;src/host/useBookyJourney.ts;src/host/BookyJourneyFactSources.tsx;src/host/BookyJourneyFactSources.css;apps/admin/app/(dashboard)/journeys/page.tsx;apps/admin/components/BookyJourneyDraftEditor.tsx;apps/admin/lib/admin-module-registry.ts;apps/admin/lib/booky-journey-catalog.ts;apps/admin/lib/booky-journey-draft.ts;apps/admin/app/styles/utilities.css,src/host/bookyDialogueRegistry.test.ts;src/host/bookyDialogueDrafts.test.ts;src/host/bookySupport.test.ts;src/host/bookyNavigationDrafts.test.ts;src/host/bookyJourneyRuntime.test.ts;src/host/bookyJourneyCatalog.test.ts;src/host/bookyJourney.test.ts;src/host/bookyJourneyHost.test.ts;src/host/bookyJourneyCompanion.test.ts;src/host/bookyReaderPolicy.test.ts;src/host/bookyReaderPolicyStore.test.ts;src/host/planetMascot.test.ts;src/host/planetMascotPersistence.test.ts;src/books/bookArchiveDetailView.test.ts;src/books/bookArchiveAuthorRequest.test.ts;tests/pwa/booky-journey.spec.mjs;tests/pwa/booky-reader-policy.spec.mjs;apps/admin/lib/booky-journey-draft.test.ts;apps/admin/lib/admin-module-coverage.test.ts;tests/host/booky-journey-authoring.spec.mjs,docs/mobile/evidence/S15/booky-dialogue-registry-20260920/result.json;docs/mobile/evidence/S15/booky-navigation-inventory-20260920/result.json;docs/mobile/evidence/S15/navigation-rebaseline-20260923/result.json;docs/mobile/evidence/S15/journey-runtime-20260923/result.json;docs/mobile/evidence/S15/journey-fact-20260923/result.json;docs/mobile/evidence/S15/booky-dialogue-provenance-20260927/result.json;docs/mobile/evidence/S15/booky-context-provenance-20260927/result.json;docs/mobile/evidence/S15/booky-context-provenance-refresh-20260930/result.json;docs/mobile/evidence/S15/booky-context-provenance-rev6-20260930/result.json;docs/mobile/evidence/S15/booky-dialogue-provenance-rev7-20260930/result.json;docs/mobile/evidence/S15/booky-journey-authoring-20260930/result.json;docs/mobile/evidence/S15/booky-journey-reopen-20260930/result.json;docs/mobile/evidence/S15/booky-journey-copy-variants-20261001/result.json,3870626f906e059bafbcdf24ec8c1dc3a850ebf0
PLANETKA-004,PLANETKA,P1,all,Age-adaptive journeys,V12 modular specs/full spec,IN_PROGRESS,src/host/bookyJourney.ts;src/host/bookyJourneyHost.ts;src/App.tsx;src/host/HostPlatformServices.ts;src/host/PlanetMascotControls.tsx;src/host/planetMascot.ts;src/platform/adapters/web/WebPlatformAdapter.ts;src/host/bookyReaderPolicy.ts;src/host/bookyReaderPolicyStore.ts;src/host/BookyReaderSettings.tsx;src/host/BookyReaderSettings.css;src/host/bookyJourneyRuntime.ts;src/host/BookyJourneyControls.tsx;src/host/BookyJourneyControls.css;src/host/bookyJourneyFact.ts;src/host/useBookyJourney.ts;src/host/bookyDossierCharacter.ts;src/components/BookDossierReader.tsx;src/components/BookDossierMap.tsx;src/components/BookArchiveSection.tsx;src/loading/DeferredHomepageArchives.tsx;src/books/bookDossierCharacterView.ts;src/host/bookyJourneyCharacter.ts;src/books/bookDossierPublicClient.ts;src/books/usePublishedBookDossier.ts;src/host/bookyJourneyCatalog.ts;src/host/bookyJourneyMigration.ts;src/host/bookyJourneyProgress.ts;src/host/bookyJourneyCharacterSession.ts;apps/admin/app/(dashboard)/journeys/page.tsx;apps/admin/components/BookyJourneyDraftEditor.tsx;apps/admin/lib/admin-module-registry.ts;apps/admin/lib/booky-journey-catalog.ts;apps/admin/lib/booky-journey-draft.ts;apps/admin/app/styles/utilities.css;apps/admin/app/(dashboard)/journeys/actions.ts;apps/admin/lib/booky-journey-activity-validation.ts,src/host/bookyJourney.test.ts;src/host/bookyDialogueRegistry.test.ts;src/host/bookyJourneyHost.test.ts;src/host/bookyReaderPolicy.test.ts;src/host/bookyReaderPolicyStore.test.ts;src/host/bookyJourneyCompanion.test.ts;src/host/HostPlatformServices.test.ts;src/platform/adapters/web/WebPlatformAdapter.test.ts;src/host/planetMascot.test.ts;src/host/planetMascotPersistence.test.ts;tests/pwa/booky-reader-policy.spec.mjs;src/host/bookyJourneyCatalog.test.ts;src/host/bookyJourneyRuntime.test.ts;tests/pwa/booky-journey.spec.mjs;src/host/bookyJourneyFact.test.ts;src/host/bookyDossierCharacter.test.ts;src/books/bookDossier.test.ts;src/books/bookDossierDiagram.test.ts;src/books/bookDossierPublicClient.test.ts;src/books/bookDossierCharacterView.test.ts;src/books/bookDossierLocation.test.ts;src/books/bookArchiveDetailView.test.ts;tests/pwa/book-dossier-character-view.spec.mjs;tests/pwa/book-dossier-character-archive.spec.mjs;tests/pwa/book-dossier-navigation.spec.mjs;src/host/bookyJourneyCharacter.test.ts;src/host/bookyJourneyProgress.test.ts;src/host/bookyJourneyMigration.test.ts;src/host/bookyJourneyCharacterSession.test.ts;src/host/bookyJourneyPrerequisites.test.ts;src/host/bookyJourneyPassport.test.ts;src/host/bookyJourneyPersistence.test.ts;tests/pwa/booky-character-step.spec.mjs;apps/admin/lib/booky-journey-draft.test.ts;apps/admin/lib/admin-module-coverage.test.ts;tests/host/booky-journey-authoring.spec.mjs;apps/admin/lib/booky-journey-activity-validation.test.ts;apps/admin/app/(dashboard)/journeys/actions.test.ts,docs/mobile/evidence/S15/booky-journey-boundary-20260920/result.json;docs/mobile/evidence/S15/booky-journey-host-20260923/result.json;docs/mobile/evidence/S15/reader-policy-integration-20260923/result.json;docs/mobile/evidence/S15/journey-overview-20260923/result.json;docs/mobile/evidence/S15/journey-fact-20260923/result.json;docs/mobile/evidence/S15/dossier-character-20260923/result.json;docs/mobile/evidence/S15/dossier-character-view-20260923/result.json;docs/mobile/evidence/S15/journey-character-contract-20260923/result.json;docs/mobile/evidence/S15/booky-character-step-20260927/result.json;docs/mobile/evidence/S15/booky-character-status-20260927/result.json;docs/mobile/evidence/S15/booky-journey-authoring-20260930/result.json;docs/mobile/evidence/S15/booky-journey-reopen-20260930/result.json;docs/mobile/evidence/S15/booky-journey-activity-20260930/result.json;docs/mobile/evidence/S15/booky-journey-answer-preview-20260930/result.json;docs/mobile/evidence/S15/booky-journey-fact-20261001/result.json;docs/mobile/evidence/S15/booky-journey-step-overview-20261001/result.json;docs/mobile/evidence/S15/booky-journey-copy-variants-20261001/result.json;docs/mobile/evidence/S15/booky-journey-profile-preview-20261001/result.json;docs/mobile/evidence/S15/booky-journey-optional-order-20261001/result.json;docs/mobile/evidence/S15/booky-journey-preview-width-20261001/result.json,f6cdddb7b2bbfcbd4b75ff7c3a14ebf409033a99
PLANETKA-005,PLANETKA,P1,all,Offline/error helper,V12 modular specs/full spec,IN_PROGRESS,src/App.tsx;src/host/PlanetMascotControls.tsx;src/host/PlanetMascotControls.css;src/host/planetMascot.ts;src/loading/bookArchiveRuntime.ts;scripts/mobile/pwa-artifact.mjs;src/loading/DeferredHomepageArchives.tsx;src/host/bookySupport.ts;src/components/LiteraryWorldMap.tsx;src/index.css;src/host/NativePlanetPanel.tsx;src/host/planetMascotRoutes.ts;src/host/useBookyWalk.ts;src/host/bookyPlacement.ts;src/host/PlanetStandControls.css;src/host/host.css;src/host/bookyWalk.ts;src/host/bookyModel.ts;src/host/bookySurprise.ts;src/host/bookyAnimation.ts;src/books/bookArchiveAuthorRequest.ts;src/components/BookArchiveSection.tsx;src/books/bookArchiveAuthorRecovery.ts;src/host/bookyGlobeSupport.ts;src/components/LiteraryGlobe.tsx,src/host/bookySupport.test.ts;src/host/planetMascot.test.ts;src/host/planetMascotPersistence.test.ts;src/loading/stage5LoadingGraph.test.ts;src/loading/bookArchiveRuntime.test.ts;scripts/mobile/pwa-artifact.test.mjs;tests/pwa/booky-support.spec.mjs;src/host/HostPlatformServices.test.ts;src/host/bookyTourProgress.test.ts;src/host/planetMascotPreference.test.ts;src/platform/adapters/web/WebPlatformAdapter.test.ts;tests/pwa/booky-catalog-readiness.spec.mjs;tests/pwa/booky-catalog-scene.spec.mjs;tests/pwa/booky-live-character.spec.mjs;src/host/bookyModel.test.ts;src/host/bookyAnimation.test.ts;src/host/bookyWalk.test.ts;src/host/bookyPlacement.test.ts;tests/pwa/booky-reader-policy.spec.mjs;src/host/bookySurprise.test.ts;src/books/bookArchiveAuthorRecovery.test.ts;src/books/bookArchiveAuthorRequest.test.ts;tests/pwa/booky-writer-filter-recovery.spec.mjs;src/host/bookyGlobeSupport.test.ts;tests/pwa/booky-globe-guidance.spec.mjs;tests/pwa/booky-initial-globe-load.spec.mjs,docs/mobile/evidence/S15/booky-offline-help-20260920/result.json;docs/mobile/evidence/S15/booky-catalog-readiness-20260920/result.json;docs/mobile/evidence/S15/booky-catalog-scene-20260923/result.json;docs/mobile/evidence/S15/booky-enhancement-20260923/result.json;docs/mobile/evidence/S15/booky-mobile-placement-20260923/result.json;docs/mobile/evidence/S15/globe-landscape-controls-20260923/result.json;docs/mobile/evidence/S15/booky-help-placement-20260923/result.json;docs/mobile/evidence/S15/booky-compact-landscape-20260923/result.json;docs/mobile/evidence/S15/booky-approach-stop-20260923/result.json;docs/mobile/evidence/S15/booky-walk-continuity-20260923/result.json;docs/mobile/evidence/S15/booky-mobile-dock-20260923/result.json;docs/mobile/evidence/S15/booky-touch-reset-20260923/result.json;docs/mobile/evidence/S15/booky-orientation-20260924/result.json;docs/mobile/evidence/S15/booky-utility-dock-20260924/result.json;docs/mobile/evidence/S15/booky-utility-landscape-20260924/result.json;docs/mobile/evidence/S15/booky-mobile-polish-20260924/result.json;docs/mobile/evidence/S15/booky-left-glove-20260924/result.json;docs/mobile/evidence/S15/booky-touch-gestures-20260924/result.json;docs/mobile/evidence/S15/booky-scale-clearance-20260924/result.json;docs/mobile/evidence/S15/booky-playful-poses-20260924/result.json;docs/mobile/evidence/S15/booky-gesture-stop-20260924/result.json;docs/mobile/evidence/S15/booky-writer-filter-recovery-20260927/result.json;docs/mobile/evidence/S15/booky-globe-guidance-20260927/result.json;docs/mobile/evidence/S15/booky-initial-globe-load-20260927/result.json;docs/mobile/evidence/S15/booky-writer-recovery-lifecycle-20260930/result.json;docs/mobile/evidence/S15/booky-globe-focus-race-20260930/result.json;docs/mobile/evidence/S15/booky-globe-canvas-gestures-20260930/result.json;docs/mobile/evidence/S15/booky-reader-foreground-20260930/result.json;docs/mobile/evidence/S15/native-reader-composition-20260930/result.json;docs/mobile/evidence/S15/booky-exhausted-retry-20260930/result.json,aba461a774c125f9c38ea4c10aac9b3cc8024d2d
PLANETKA-006,PLANETKA,P1,all,Reduced motion/captions/narration rights,V12 modular specs/full spec,OPEN,src/host/PlanetMascotAvatar.css;src/host/PlanetMascotAvatar.tsx;src/host/PlanetMascotControls.css;src/host/PlanetMascotControls.tsx;src/host/bookyAnimation.ts;src/host/bookyModel.ts;src/host/useBookyRenderer.ts;src/host/bookyWalk.ts;src/host/useBookyWalk.ts,src/host/bookyModel.test.ts;src/host/bookyAnimation.test.ts;src/host/bookyWalk.test.ts;tests/pwa/booky-live-character.spec.mjs;src/host/planetMascot.test.ts;src/host/planetMascotPreference.test.ts;src/host/planetMascotPersistence.test.ts;src/host/bookySupport.test.ts;src/host/bookyTourProgress.test.ts;src/host/bookyPlacement.test.ts;src/host/bookySurprise.test.ts,docs/mobile/evidence/S15/booky-enhancement-20260923/result.json;docs/mobile/evidence/S15/booky-motion-notice-20260924/result.json,f6b609dab43b725fa31b02257e296af2eca42907
PLANETKA-007,PLANETKA,P1,all,No purchase promotion,V12 modular specs/full spec,OPEN,,,,
PLANETKA-008,PLANETKA,P1,all,Journey checkpoint/resume/migration,V12 modular specs/full spec,IN_PROGRESS,src/App.tsx;src/host/PlanetMascotControls.tsx;src/host/PlanetMascotControls.css;src/host/planetMascot.ts;src/host/HostPlatformServices.ts;src/platform/adapters/web/WebPlatformAdapter.ts;src/host/planetMascotPreference.ts;src/host/planetMascotPersistence.ts;src/host/planetMascotRoutes.ts;src/host/bookyTourProgress.ts;src/host/BookyJourneyControls.css;src/host/BookyJourneyControls.tsx;src/host/bookyJourneyRuntime.ts;src/host/useBookyJourney.ts;src/host/bookyJourneyProgress.ts;src/host/bookyJourneyProgressStore.ts;src/host/bookyJourneyPersistence.ts;src/host/BookyJourneyStorageControls.tsx;src/host/bookyJourneyMigration.ts;src/host/bookyJourneyMigrationContent.ts;src/host/bookyJourneyMigrationRegistry.ts;src/host/BookyJourneyMigrationControls.tsx;src/host/bookyJourneyPrerequisites.ts;src/host/BookyJourneyHistoryControls.tsx;src/host/bookyJourney.ts;src/host/bookyJourneyCatalog.ts;src/host/bookyDialogueRegistry.ts;src/host/bookyJourneyActivity.ts;src/host/BookyJourneyActivityControls.tsx;src/host/bookyJourneyPassport.ts;src/host/BookyJourneyPassportControls.tsx;src/host/BookyJourneyPassportControls.css;src/components/BookArchiveSection.tsx,src/host/planetMascot.test.ts;src/host/planetMascotPersistence.test.ts;src/host/HostPlatformServices.test.ts;src/platform/adapters/web/WebPlatformAdapter.test.ts;tests/pwa/booky-resume-preference.spec.mjs;src/host/bookySupport.test.ts;src/host/bookyTourProgress.test.ts;src/host/planetMascotPreference.test.ts;tests/pwa/booky-progress.spec.mjs;tests/pwa/booky-catalog-readiness.spec.mjs;src/host/bookyJourneyRuntime.test.ts;src/host/bookyJourneyCatalog.test.ts;src/host/bookyJourney.test.ts;src/host/bookyJourneyHost.test.ts;src/host/bookyJourneyCompanion.test.ts;src/host/bookyReaderPolicy.test.ts;src/host/bookyReaderPolicyStore.test.ts;src/host/bookyDialogueRegistry.test.ts;src/host/bookyNavigationDrafts.test.ts;src/host/bookyDialogueDrafts.test.ts;src/books/bookArchiveDetailView.test.ts;src/books/bookArchiveAuthorRequest.test.ts;src/host/bookyJourneyProgress.test.ts;src/host/bookyJourneyProgressStore.test.ts;src/host/bookyJourneyPersistence.test.ts;tests/pwa/booky-journey.spec.mjs;tests/pwa/booky-reader-policy.spec.mjs;src/host/bookyJourneyMigration.test.ts;src/host/bookyJourneyMigrationRegistry.test.ts;src/host/bookyJourneyPrerequisites.test.ts;src/host/bookyJourneyActivity.test.ts;src/host/bookyJourneyPassport.test.ts;tests/pwa/booky-character-step.spec.mjs,docs/mobile/evidence/S15/booky-resume-preference-20260920/result.json;docs/mobile/evidence/S15/booky-semantic-progress-20260920/result.json;docs/mobile/evidence/S15/booky-catalog-readiness-20260920/result.json;docs/mobile/evidence/S15/journey-persistence-20260923/result.json;docs/mobile/evidence/S15/journey-migration-20260923/result.json;docs/mobile/evidence/S15/journey-history-20260923/result.json;docs/mobile/evidence/S15/journey-focus-20260923/result.json;docs/mobile/evidence/S15/journey-capacity-20260923/result.json;docs/mobile/evidence/S15/journey-activity-20260923/result.json;docs/mobile/evidence/S15/journey-passport-20260923/result.json;docs/mobile/evidence/S15/journey-overview-20260923/result.json;docs/mobile/evidence/S15/journey-fact-20260923/result.json;docs/mobile/evidence/S15/booky-character-resume-20260927/result.json;docs/mobile/evidence/S15/booky-journey-completion-20260930/result.json,295dda520f4af80cd5c88bffb6e012f2f82ce4f1
PLATFORM-001,PLATFORM,P0,all,Installable paid Web/PWA with safe Service Worker,V12 modular specs/full spec,OPEN,,,,
PLATFORM-002,PLATFORM,P0,all,Android Google Play variant and AAB,V12 modular specs/full spec,OPEN,,,,
PLATFORM-003,PLATFORM,P0,all,Android RuStore variant and artifact,V12 modular specs/full spec,OPEN,,,,
PLATFORM-004,PLATFORM,P0,all,Android QA APK,V12 modular specs/full spec,OPEN,,,,
PLATFORM-005,PLATFORM,P0,all,iOS/iPadOS native project and simulator build,V12 modular specs/full spec,OPEN,,,,
PLATFORM-006,PLATFORM,P0,all,iOS archive configuration/archive when signing exists,V12 modular specs/full spec,OPEN,,,,
PLATFORM-007,PLATFORM,P0,all,Safe-area/orientation/lifecycle/deep links,V12 modular specs/full spec,OPEN,,,,
PLATFORM-008,PLATFORM,P0,all,Current official SDK/API requirements rechecked,V12 modular specs/full spec,OPEN,,,,
SEC-001,SEC,P0,all,Threat model and security tests,V12 modular specs/full spec,IN_PROGRESS,scripts/mobile/platform-boundaries.test.mjs;scripts/mobile/evidence.test.mjs;docs/mobile/PLATFORM_ARCHITECTURE.md,,,25b5347970fef19be280d29475953e98dbea69c2
SEC-002,SEC,P0,all,No client secrets/self-grant,V12 modular specs/full spec,IN_PROGRESS,src/platform/productPolicy.test.ts;docs/mobile/PLATFORM_ARCHITECTURE.md;docs/mobile/evidence/S00/current-main-baseline-results.json,,,25b5347970fef19be280d29475953e98dbea69c2
SEC-003,SEC,P0,all,Deep-link/content/package validation,V12 modular specs/full spec,OPEN,,,,
SEC-004,SEC,P0,all,Admin RBAC/audit/dry-run,V12 modular specs/full spec,OPEN,,,,
SEC-005,SEC,P0,all,Secret scan/dependency audit/SBOM,V12 modular specs/full spec,OPEN,,,,
SEC-006,SEC,P0,all,Minimal permissions and child privacy,V12 modular specs/full spec,OPEN,,,,
SEC-007,SEC,P0,all,Data export/deletion/retention,V12 modular specs/full spec,OPEN,,,,
SEC-008,SEC,P0,all,Signed artifacts/manifests and anti-rollback,V12 modular specs/full spec,OPEN,,,,
UX-001,UX,P1,all,Orange native and branded splash with logo top-left,V12 modular specs/full spec,OPEN,,,,
UX-002,UX,P1,all,Adult navigation prioritizes Planet,V12 modular specs/full spec,OPEN,,,,
UX-003,UX,P1,all,Child navigation prioritizes Planetka/learning,V12 modular specs/full spec,OPEN,,,,
UX-004,UX,P1,all,Canonical violet/orange design system,V12 modular specs/full spec,IN_PROGRESS,src/planet/brand.ts;src/App.tsx,src/planet/localization.test.ts;src/planet/catalog.test.ts;src/planet/presentation.test.ts;src/loading/stage5LoadingGraph.test.ts;tests/e2e/platform-services.spec.mjs,docs/mobile/evidence/S02/acceptance.json,6305df5fe671718c78b38af1ccc2bafbbdd44346
UX-005,UX,P1,all,One dominant CTA per screen,V12 modular specs/full spec,OPEN,,,,
UX-006,UX,P1,all,All loading/empty/error/offline states,V12 modular specs/full spec,OPEN,src/App.tsx;src/books/bookArchiveAuthorRequest.ts;src/components/BookArchiveSection.tsx;src/host/PlanetMascotControls.tsx;src/host/planetMascot.ts;src/host/planetMascotRoutes.ts;src/books/bookArchiveAuthorRecovery.ts;src/host/bookyWalk.ts;src/host/useBookyWalk.ts;src/host/bookyGlobeSupport.ts;src/components/LiteraryGlobe.tsx;src/components/LiteraryWorldMap.tsx,src/books/bookArchiveAuthorRecovery.test.ts;src/books/bookArchiveAuthorRequest.test.ts;src/host/planetMascot.test.ts;tests/pwa/booky-writer-filter-recovery.spec.mjs;src/host/bookyGlobeSupport.test.ts;src/host/bookyWalk.test.ts;tests/pwa/booky-globe-guidance.spec.mjs;tests/pwa/booky-initial-globe-load.spec.mjs;tests/pwa/booky-support.spec.mjs,docs/mobile/evidence/S15/booky-writer-filter-recovery-20260927/result.json;docs/mobile/evidence/S15/booky-globe-guidance-20260927/result.json;docs/mobile/evidence/S15/booky-initial-globe-load-20260927/result.json;docs/mobile/evidence/S15/booky-writer-recovery-lifecycle-20260930/result.json;docs/mobile/evidence/S15/booky-globe-focus-race-20260930/result.json;docs/mobile/evidence/S15/booky-globe-canvas-gestures-20260930/result.json;docs/mobile/evidence/S15/booky-reader-foreground-20260930/result.json;docs/mobile/evidence/S15/native-reader-composition-20260930/result.json;docs/mobile/evidence/S15/booky-exhausted-retry-20260930/result.json,aba461a774c125f9c38ea4c10aac9b3cc8024d2d
UX-007,UX,P1,all,Visual reference used only as composition guide,V12 modular specs/full spec,OPEN,,,,
UX-008,UX,P1,all,Real release screenshots and truthful marketing,V12 modular specs/full spec,OPEN,,,,
