gate_id,jurisdiction_or_platform,topic,trigger,required_work,codex_output,owner_action,default,release_blocker,official_source
REG-001,Apple/EU,DSA trader status,EU distribution or App Store Connect request,assess and prepare trader data/evidence,trader worksheet and console steps,declare/verify status,not-decided,true,Apple DSA trader requirements
REG-002,Apple/France,Encryption declaration,France distribution plus non-exempt encryption,encryption inventory and document decision,export compliance report,approve/upload documents if required,platform-standard/exempt preferred,true_if_required,Apple export compliance
REG-003,Apple,Required Reason APIs,archive uses covered APIs,privacy manifest and approved-reason audit,Xcode privacy report,approve declarations,minimal APIs,true,Apple privacy manifests
REG-004,Apple/EU,EU terms after 2026-10-01,EU release on/after effective date,refresh terms and commerce policy,EU terms diff,accept/approve current terms,StoreKit/default store commerce,true,Apple EU apps support
REG-005,Google/Android,Developer verification,current rollout/affected territories,package and signing registration inventory,verification report,complete identity/app registration,complete early,true,Android developer verification
REG-006,Google Play,Target API,new app/update submission,current target check,toolchain report,none unless account extension/decision,meet normal deadline,true,Google target API
REG-007,Google Play,Billing,optional digital product active,current Billing integration/verification,billing report,create products/testers,current supported version,true,Play Billing docs
REG-008,RuStore,Paid monetization/EDS,paid release,merchant/legal requirements,console worksheet,complete monetization/EDS,required,true,RuStore monetization
REG-009,RuStore,Pay SDK,optional product active,current Pay SDK and callback/API,Pay integration report,create products/token,Pay SDK,true,RuStore Pay
REG-010,All,Territory rights,territory enabled,asset/content/license check,territory matrix,approve included territories,SAFE_INITIAL,true,rights contracts
REG-011,All,Consumer/privacy/legal,paid release,terms/refund/privacy/support,legal draft pack,legal approval,owner review,true,platform/store + applicable law
REG-012,United States,COPPA/child privacy,US public availability plus child-directed service or child data collection,"assess applicability, actual knowledge, notice, parental consent, access/deletion and retention",child privacy US worksheet,approve/legal review or keep child data local and territory excluded,local-only child profile,true_if_triggered,FTC COPPA
REG-013,European Union,GDPR child consent,EU territory plus consent-based child data processing,"record Member-State threshold, lawful basis, age assurance, child notice and deletion",EU child jurisdiction matrix,approve exact countries,local-only child data,true_if_triggered,European Commission child data safeguards
REG-014,France,CNIL child consent and contract capacity,France distribution,"assess age-15 consent threshold where applicable, paid-service contract and child notice",France child privacy worksheet,legal approval,France excluded until approved,true,CNIL child guidance
REG-015,United Kingdom,Children's Code,UK service likely accessible by children,"best interests, high privacy, DPIA, age-appropriate application and no nudges",UK Children's Code assessment,legal/privacy approval,UK excluded until approved,true,ICO Children's Code
