pack_id,franchise,character_id,name_ru,name_original,content_origin,literary_source,source_author,candidate_min_age,candidate_max_age,legal_status,rights_evidence_status,production_enabled,store_visible,preview_visible,sku_enabled,allowed_platforms,allowed_territories,allowed_languages,license_start,license_end,rights_holder,agreement_reference,approved_asset_hashes,iap_sale_permission,marketing_permission,3d_animation_permission,voice_music_permission,post_term_policy,key_restrictions
licensed.disney.mickey-friends,Mickey & Friends,mickey_mouse,Микки Маус,Mickey Mouse,SCREEN_ORIGINAL,,,3,17,LICENSE_REQUIRED,MISSING,false,false,false,false,,,,,,,,,false-until-contract,false-until-contract,false-until-contract,false-until-contract,,"No asset, preview, SKU, marketing, AI imitation, copied visual, voice or music until signed license and approval."
licensed.disney.mickey-friends,Mickey & Friends,minnie_mouse,Минни Маус,Minnie Mouse,SCREEN_ORIGINAL,,,3,17,LICENSE_REQUIRED,MISSING,false,false,false,false,,,,,,,,,false-until-contract,false-until-contract,false-until-contract,false-until-contract,,"No asset, preview, SKU, marketing, AI imitation, copied visual, voice or music until signed license and approval."
licensed.disney.mickey-friends,Mickey & Friends,donald_duck,Дональд Дак,Donald Duck,SCREEN_ORIGINAL,,,3,17,LICENSE_REQUIRED,MISSING,false,false,false,false,,,,,,,,,false-until-contract,false-until-contract,false-until-contract,false-until-contract,,"No asset, preview, SKU, marketing, AI imitation, copied visual, voice or music until signed license and approval."
licensed.disney.mickey-friends,Mickey & Friends,daisy_duck,Дейзи Дак,Daisy Duck,SCREEN_ORIGINAL,,,3,17,LICENSE_REQUIRED,MISSING,false,false,false,false,,,,,,,,,false-until-contract,false-until-contract,false-until-contract,false-until-contract,,"No asset, preview, SKU, marketing, AI imitation, copied visual, voice or music until signed license and approval."
licensed.disney.mickey-friends,Mickey & Friends,goofy,Гуфи,Goofy,SCREEN_ORIGINAL,,,3,17,LICENSE_REQUIRED,MISSING,false,false,false,false,,,,,,,,,false-until-contract,false-until-contract,false-until-contract,false-until-contract,,"No asset, preview, SKU, marketing, AI imitation, copied visual, voice or music until signed license and approval."
licensed.disney.mickey-friends,Mickey & Friends,pluto,Плуто,Pluto,SCREEN_ORIGINAL,,,3,17,LICENSE_REQUIRED,MISSING,false,false,false,false,,,,,,,,,false-until-contract,false-until-contract,false-until-contract,false-until-contract,,"No asset, preview, SKU, marketing, AI imitation, copied visual, voice or music until signed license and approval."
licensed.disney.mickey-friends,Mickey & Friends,chip,Чип,Chip,SCREEN_ORIGINAL,,,3,17,LICENSE_REQUIRED,MISSING,false,false,false,false,,,,,,,,,false-until-contract,false-until-contract,false-until-contract,false-until-contract,,"No asset, preview, SKU, marketing, AI imitation, copied visual, voice or music until signed license and approval."
licensed.disney.mickey-friends,Mickey & Friends,dale,Дейл,Dale,SCREEN_ORIGINAL,,,3,17,LICENSE_REQUIRED,MISSING,false,false,false,false,,,,,,,,,false-until-contract,false-until-contract,false-until-contract,false-until-contract,,"No asset, preview, SKU, marketing, AI imitation, copied visual, voice or music until signed license and approval."
licensed.disney.winnie-pooh,Disney Winnie the Pooh,winnie_the_pooh_disney,Винни-Пух — версия Disney,Winnie the Pooh,LITERARY_ADAPTATION,Winnie-the-Pooh,A. A. Milne,3,10,LICENSE_REQUIRED,MISSING,false,false,false,false,,,,,,,,,false-until-contract,false-until-contract,false-until-contract,false-until-contract,,"No asset, preview, SKU, marketing, AI imitation, copied visual, voice or music until signed license and approval."
licensed.disney.winnie-pooh,Disney Winnie the Pooh,piglet_disney,Пятачок — версия Disney,Piglet,LITERARY_ADAPTATION,Winnie-the-Pooh,A. A. Milne,3,10,LICENSE_REQUIRED,MISSING,false,false,false,false,,,,,,,,,false-until-contract,false-until-contract,false-until-contract,false-until-contract,,"No asset, preview, SKU, marketing, AI imitation, copied visual, voice or music until signed license and approval."
licensed.disney.winnie-pooh,Disney Winnie the Pooh,tigger_disney,Тигра — версия Disney,Tigger,LITERARY_ADAPTATION,Winnie-the-Pooh,A. A. Milne,3,10,LICENSE_REQUIRED,MISSING,false,false,false,false,,,,,,,,,false-until-contract,false-until-contract,false-until-contract,false-until-contract,,"No asset, preview, SKU, marketing, AI imitation, copied visual, voice or music until signed license and approval."
licensed.disney.winnie-pooh,Disney Winnie the Pooh,eeyore_disney,Иа-Иа — версия Disney,Eeyore,LITERARY_ADAPTATION,Winnie-the-Pooh,A. A. Milne,3,10,LICENSE_REQUIRED,MISSING,false,false,false,false,,,,,,,,,false-until-contract,false-until-contract,false-until-contract,false-until-contract,,"No asset, preview, SKU, marketing, AI imitation, copied visual, voice or music until signed license and approval."
licensed.disney.winnie-pooh,Disney Winnie the Pooh,rabbit_disney,Кролик — версия Disney,Rabbit,LITERARY_ADAPTATION,Winnie-the-Pooh,A. A. Milne,3,10,LICENSE_REQUIRED,MISSING,false,false,false,false,,,,,,,,,false-until-contract,false-until-contract,false-until-contract,false-until-contract,,"No asset, preview, SKU, marketing, AI imitation, copied visual, voice or music until signed license and approval."
licensed.disney.winnie-pooh,Disney Winnie the Pooh,owl_disney,Сова — версия Disney,Owl,LITERARY_ADAPTATION,Winnie-the-Pooh,A. A. Milne,3,10,LICENSE_REQUIRED,MISSING,false,false,false,false,,,,,,,,,false-until-contract,false-until-contract,false-until-contract,false-until-contract,,"No asset, preview, SKU, marketing, AI imitation, copied visual, voice or music until signed license and approval."
licensed.disney.winnie-pooh,Disney Winnie the Pooh,kanga_disney,Кенга — версия Disney,Kanga,LITERARY_ADAPTATION,Winnie-the-Pooh,A. A. Milne,3,10,LICENSE_REQUIRED,MISSING,false,false,false,false,,,,,,,,,false-until-contract,false-until-contract,false-until-contract,false-until-contract,,"No asset, preview, SKU, marketing, AI imitation, copied visual, voice or music until signed license and approval."
licensed.disney.winnie-pooh,Disney Winnie the Pooh,roo_disney,Крошка Ру — версия Disney,Roo,LITERARY_ADAPTATION,Winnie-the-Pooh,A. A. Milne,3,10,LICENSE_REQUIRED,MISSING,false,false,false,false,,,,,,,,,false-until-contract,false-until-contract,false-until-contract,false-until-contract,,"No asset, preview, SKU, marketing, AI imitation, copied visual, voice or music until signed license and approval."
licensed.disney.princess-classics,Disney Princess Classics,snow_white_disney,Белоснежка — версия Disney,Snow White,MIXED_SOURCE,Various folklore/literary sources where applicable,Various,5,14,LICENSE_REQUIRED,MISSING,false,false,false,false,,,,,,,,,false-until-contract,false-until-contract,false-until-contract,false-until-contract,,"No asset, preview, SKU, marketing, AI imitation, copied visual, voice or music until signed license and approval."
licensed.disney.princess-classics,Disney Princess Classics,cinderella_disney,Золушка — версия Disney,Cinderella,MIXED_SOURCE,Various folklore/literary sources where applicable,Various,5,14,LICENSE_REQUIRED,MISSING,false,false,false,false,,,,,,,,,false-until-contract,false-until-contract,false-until-contract,false-until-contract,,"No asset, preview, SKU, marketing, AI imitation, copied visual, voice or music until signed license and approval."
licensed.disney.princess-classics,Disney Princess Classics,aurora_disney,Аврора,Aurora,MIXED_SOURCE,Various folklore/literary sources where applicable,Various,5,14,LICENSE_REQUIRED,MISSING,false,false,false,false,,,,,,,,,false-until-contract,false-until-contract,false-until-contract,false-until-contract,,"No asset, preview, SKU, marketing, AI imitation, copied visual, voice or music until signed license and approval."
licensed.disney.princess-classics,Disney Princess Classics,ariel_disney,Ариэль,Ariel,MIXED_SOURCE,Various folklore/literary sources where applicable,Various,5,14,LICENSE_REQUIRED,MISSING,false,false,false,false,,,,,,,,,false-until-contract,false-until-contract,false-until-contract,false-until-contract,,"No asset, preview, SKU, marketing, AI imitation, copied visual, voice or music until signed license and approval."
licensed.disney.princess-classics,Disney Princess Classics,belle_disney,Белль,Belle,MIXED_SOURCE,Various folklore/literary sources where applicable,Various,5,14,LICENSE_REQUIRED,MISSING,false,false,false,false,,,,,,,,,false-until-contract,false-until-contract,false-until-contract,false-until-contract,,"No asset, preview, SKU, marketing, AI imitation, copied visual, voice or music until signed license and approval."
licensed.disney.princess-classics,Disney Princess Classics,jasmine_disney,Жасмин,Jasmine,MIXED_SOURCE,Various folklore/literary sources where applicable,Various,5,14,LICENSE_REQUIRED,MISSING,false,false,false,false,,,,,,,,,false-until-contract,false-until-contract,false-until-contract,false-until-contract,,"No asset, preview, SKU, marketing, AI imitation, copied visual, voice or music until signed license and approval."
licensed.disney.princess-classics,Disney Princess Classics,mulan_disney,Мулан,Mulan,MIXED_SOURCE,Various folklore/literary sources where applicable,Various,5,14,LICENSE_REQUIRED,MISSING,false,false,false,false,,,,,,,,,false-until-contract,false-until-contract,false-until-contract,false-until-contract,,"No asset, preview, SKU, marketing, AI imitation, copied visual, voice or music until signed license and approval."
licensed.disney.princess-classics,Disney Princess Classics,tiana_disney,Тиана,Tiana,MIXED_SOURCE,Various folklore/literary sources where applicable,Various,5,14,LICENSE_REQUIRED,MISSING,false,false,false,false,,,,,,,,,false-until-contract,false-until-contract,false-until-contract,false-until-contract,,"No asset, preview, SKU, marketing, AI imitation, copied visual, voice or music until signed license and approval."
licensed.disney.princess-classics,Disney Princess Classics,rapunzel_disney,Рапунцель — версия Disney,Rapunzel,MIXED_SOURCE,Various folklore/literary sources where applicable,Various,5,14,LICENSE_REQUIRED,MISSING,false,false,false,false,,,,,,,,,false-until-contract,false-until-contract,false-until-contract,false-until-contract,,"No asset, preview, SKU, marketing, AI imitation, copied visual, voice or music until signed license and approval."
licensed.disney.princess-classics,Disney Princess Classics,moana_disney,Моана,Moana,MIXED_SOURCE,Various folklore/literary sources where applicable,Various,5,14,LICENSE_REQUIRED,MISSING,false,false,false,false,,,,,,,,,false-until-contract,false-until-contract,false-until-contract,false-until-contract,,"No asset, preview, SKU, marketing, AI imitation, copied visual, voice or music until signed license and approval."
licensed.disney.frozen,Frozen,elsa,Эльза,Elsa,SCREEN_ORIGINAL,,,5,14,LICENSE_REQUIRED,MISSING,false,false,false,false,,,,,,,,,false-until-contract,false-until-contract,false-until-contract,false-until-contract,,"No asset, preview, SKU, marketing, AI imitation, copied visual, voice or music until signed license and approval."
licensed.disney.frozen,Frozen,anna_frozen,Анна,Anna,SCREEN_ORIGINAL,,,5,14,LICENSE_REQUIRED,MISSING,false,false,false,false,,,,,,,,,false-until-contract,false-until-contract,false-until-contract,false-until-contract,,"No asset, preview, SKU, marketing, AI imitation, copied visual, voice or music until signed license and approval."
licensed.disney.frozen,Frozen,olaf,Олаф,Olaf,SCREEN_ORIGINAL,,,5,14,LICENSE_REQUIRED,MISSING,false,false,false,false,,,,,,,,,false-until-contract,false-until-contract,false-until-contract,false-until-contract,,"No asset, preview, SKU, marketing, AI imitation, copied visual, voice or music until signed license and approval."
licensed.disney.frozen,Frozen,kristoff,Кристофф,Kristoff,SCREEN_ORIGINAL,,,5,14,LICENSE_REQUIRED,MISSING,false,false,false,false,,,,,,,,,false-until-contract,false-until-contract,false-until-contract,false-until-contract,,"No asset, preview, SKU, marketing, AI imitation, copied visual, voice or music until signed license and approval."
licensed.disney.frozen,Frozen,sven_frozen,Свен,Sven,SCREEN_ORIGINAL,,,5,14,LICENSE_REQUIRED,MISSING,false,false,false,false,,,,,,,,,false-until-contract,false-until-contract,false-until-contract,false-until-contract,,"No asset, preview, SKU, marketing, AI imitation, copied visual, voice or music until signed license and approval."
licensed.disney.lion-king,The Lion King,simba,Симба,Simba,SCREEN_ORIGINAL,,,6,14,LICENSE_REQUIRED,MISSING,false,false,false,false,,,,,,,,,false-until-contract,false-until-contract,false-until-contract,false-until-contract,,"No asset, preview, SKU, marketing, AI imitation, copied visual, voice or music until signed license and approval."
licensed.disney.lion-king,The Lion King,nala,Нала,Nala,SCREEN_ORIGINAL,,,6,14,LICENSE_REQUIRED,MISSING,false,false,false,false,,,,,,,,,false-until-contract,false-until-contract,false-until-contract,false-until-contract,,"No asset, preview, SKU, marketing, AI imitation, copied visual, voice or music until signed license and approval."
licensed.disney.lion-king,The Lion King,timon,Тимон,Timon,SCREEN_ORIGINAL,,,6,14,LICENSE_REQUIRED,MISSING,false,false,false,false,,,,,,,,,false-until-contract,false-until-contract,false-until-contract,false-until-contract,,"No asset, preview, SKU, marketing, AI imitation, copied visual, voice or music until signed license and approval."
licensed.disney.lion-king,The Lion King,pumbaa,Пумба,Pumbaa,SCREEN_ORIGINAL,,,6,14,LICENSE_REQUIRED,MISSING,false,false,false,false,,,,,,,,,false-until-contract,false-until-contract,false-until-contract,false-until-contract,,"No asset, preview, SKU, marketing, AI imitation, copied visual, voice or music until signed license and approval."
licensed.disney.lion-king,The Lion King,rafiki,Рафики,Rafiki,SCREEN_ORIGINAL,,,6,14,LICENSE_REQUIRED,MISSING,false,false,false,false,,,,,,,,,false-until-contract,false-until-contract,false-until-contract,false-until-contract,,"No asset, preview, SKU, marketing, AI imitation, copied visual, voice or music until signed license and approval."
licensed.disney.lilo-stitch,Lilo & Stitch,lilo,Лило,Lilo,SCREEN_ORIGINAL,,,6,14,LICENSE_REQUIRED,MISSING,false,false,false,false,,,,,,,,,false-until-contract,false-until-contract,false-until-contract,false-until-contract,,"No asset, preview, SKU, marketing, AI imitation, copied visual, voice or music until signed license and approval."
licensed.disney.lilo-stitch,Lilo & Stitch,stitch,Стич,Stitch,SCREEN_ORIGINAL,,,6,14,LICENSE_REQUIRED,MISSING,false,false,false,false,,,,,,,,,false-until-contract,false-until-contract,false-until-contract,false-until-contract,,"No asset, preview, SKU, marketing, AI imitation, copied visual, voice or music until signed license and approval."
licensed.disney.lilo-stitch,Lilo & Stitch,nani,Нани,Nani,SCREEN_ORIGINAL,,,6,14,LICENSE_REQUIRED,MISSING,false,false,false,false,,,,,,,,,false-until-contract,false-until-contract,false-until-contract,false-until-contract,,"No asset, preview, SKU, marketing, AI imitation, copied visual, voice or music until signed license and approval."
licensed.disney.lilo-stitch,Lilo & Stitch,jumba,Джамба,Jumba,SCREEN_ORIGINAL,,,6,14,LICENSE_REQUIRED,MISSING,false,false,false,false,,,,,,,,,false-until-contract,false-until-contract,false-until-contract,false-until-contract,,"No asset, preview, SKU, marketing, AI imitation, copied visual, voice or music until signed license and approval."
licensed.disney.lilo-stitch,Lilo & Stitch,pleakley,Пликли,Pleakley,SCREEN_ORIGINAL,,,6,14,LICENSE_REQUIRED,MISSING,false,false,false,false,,,,,,,,,false-until-contract,false-until-contract,false-until-contract,false-until-contract,,"No asset, preview, SKU, marketing, AI imitation, copied visual, voice or music until signed license and approval."
licensed.disney.literary-adventures,Disney Literary Adventures,alice_disney,Алиса — версия Disney,Alice,LITERARY_ADAPTATION,Various literary/public-domain sources,Various,6,14,LICENSE_REQUIRED,MISSING,false,false,false,false,,,,,,,,,false-until-contract,false-until-contract,false-until-contract,false-until-contract,,"No asset, preview, SKU, marketing, AI imitation, copied visual, voice or music until signed license and approval."
licensed.disney.literary-adventures,Disney Literary Adventures,white_rabbit_disney,Белый Кролик — версия Disney,White Rabbit,LITERARY_ADAPTATION,Various literary/public-domain sources,Various,6,14,LICENSE_REQUIRED,MISSING,false,false,false,false,,,,,,,,,false-until-contract,false-until-contract,false-until-contract,false-until-contract,,"No asset, preview, SKU, marketing, AI imitation, copied visual, voice or music until signed license and approval."
licensed.disney.literary-adventures,Disney Literary Adventures,cheshire_cat_disney,Чеширский Кот — версия Disney,Cheshire Cat,LITERARY_ADAPTATION,Various literary/public-domain sources,Various,6,14,LICENSE_REQUIRED,MISSING,false,false,false,false,,,,,,,,,false-until-contract,false-until-contract,false-until-contract,false-until-contract,,"No asset, preview, SKU, marketing, AI imitation, copied visual, voice or music until signed license and approval."
licensed.disney.literary-adventures,Disney Literary Adventures,mad_hatter_disney,Безумный Шляпник — версия Disney,Mad Hatter,LITERARY_ADAPTATION,Various literary/public-domain sources,Various,6,14,LICENSE_REQUIRED,MISSING,false,false,false,false,,,,,,,,,false-until-contract,false-until-contract,false-until-contract,false-until-contract,,"No asset, preview, SKU, marketing, AI imitation, copied visual, voice or music until signed license and approval."
licensed.disney.literary-adventures,Disney Literary Adventures,peter_pan_disney,Питер Пэн — версия Disney,Peter Pan,LITERARY_ADAPTATION,Various literary/public-domain sources,Various,6,14,LICENSE_REQUIRED,MISSING,false,false,false,false,,,,,,,,,false-until-contract,false-until-contract,false-until-contract,false-until-contract,,"No asset, preview, SKU, marketing, AI imitation, copied visual, voice or music until signed license and approval."
licensed.disney.literary-adventures,Disney Literary Adventures,tinker_bell_disney,Динь-Динь — версия Disney,Tinker Bell,LITERARY_ADAPTATION,Various literary/public-domain sources,Various,6,14,LICENSE_REQUIRED,MISSING,false,false,false,false,,,,,,,,,false-until-contract,false-until-contract,false-until-contract,false-until-contract,,"No asset, preview, SKU, marketing, AI imitation, copied visual, voice or music until signed license and approval."
licensed.disney.literary-adventures,Disney Literary Adventures,pinocchio_disney,Пиноккио — версия Disney,Pinocchio,LITERARY_ADAPTATION,Various literary/public-domain sources,Various,6,14,LICENSE_REQUIRED,MISSING,false,false,false,false,,,,,,,,,false-until-contract,false-until-contract,false-until-contract,false-until-contract,,"No asset, preview, SKU, marketing, AI imitation, copied visual, voice or music until signed license and approval."
licensed.disney.literary-adventures,Disney Literary Adventures,jiminy_cricket,Сверчок Джимини,Jiminy Cricket,LITERARY_ADAPTATION,Various literary/public-domain sources,Various,6,14,LICENSE_REQUIRED,MISSING,false,false,false,false,,,,,,,,,false-until-contract,false-until-contract,false-until-contract,false-until-contract,,"No asset, preview, SKU, marketing, AI imitation, copied visual, voice or music until signed license and approval."
licensed.disney.literary-adventures,Disney Literary Adventures,mowgli_disney,Маугли — версия Disney,Mowgli,LITERARY_ADAPTATION,Various literary/public-domain sources,Various,6,14,LICENSE_REQUIRED,MISSING,false,false,false,false,,,,,,,,,false-until-contract,false-until-contract,false-until-contract,false-until-contract,,"No asset, preview, SKU, marketing, AI imitation, copied visual, voice or music until signed license and approval."
licensed.disney.literary-adventures,Disney Literary Adventures,baloo_disney,Балу — версия Disney,Baloo,LITERARY_ADAPTATION,Various literary/public-domain sources,Various,6,14,LICENSE_REQUIRED,MISSING,false,false,false,false,,,,,,,,,false-until-contract,false-until-contract,false-until-contract,false-until-contract,,"No asset, preview, SKU, marketing, AI imitation, copied visual, voice or music until signed license and approval."
licensed.disney.literary-adventures,Disney Literary Adventures,bagheera_disney,Багира — версия Disney,Bagheera,LITERARY_ADAPTATION,Various literary/public-domain sources,Various,6,14,LICENSE_REQUIRED,MISSING,false,false,false,false,,,,,,,,,false-until-contract,false-until-contract,false-until-contract,false-until-contract,,"No asset, preview, SKU, marketing, AI imitation, copied visual, voice or music until signed license and approval."
licensed.disney.literary-adventures,Disney Literary Adventures,robin_hood_disney,Робин Гуд — версия Disney,Robin Hood,LITERARY_ADAPTATION,Various literary/public-domain sources,Various,6,14,LICENSE_REQUIRED,MISSING,false,false,false,false,,,,,,,,,false-until-contract,false-until-contract,false-until-contract,false-until-contract,,"No asset, preview, SKU, marketing, AI imitation, copied visual, voice or music until signed license and approval."
licensed.disney.literary-adventures,Disney Literary Adventures,tarzan_disney,Тарзан — версия Disney,Tarzan,LITERARY_ADAPTATION,Various literary/public-domain sources,Various,6,14,LICENSE_REQUIRED,MISSING,false,false,false,false,,,,,,,,,false-until-contract,false-until-contract,false-until-contract,false-until-contract,,"No asset, preview, SKU, marketing, AI imitation, copied visual, voice or music until signed license and approval."
licensed.disney.modern-worlds,Modern Disney Worlds,maui_disney,Мауи,Maui,SCREEN_ORIGINAL,,,6,15,LICENSE_REQUIRED,MISSING,false,false,false,false,,,,,,,,,false-until-contract,false-until-contract,false-until-contract,false-until-contract,,"No asset, preview, SKU, marketing, AI imitation, copied visual, voice or music until signed license and approval."
licensed.disney.modern-worlds,Modern Disney Worlds,mirabel,Мирабель,Mirabel,SCREEN_ORIGINAL,,,6,15,LICENSE_REQUIRED,MISSING,false,false,false,false,,,,,,,,,false-until-contract,false-until-contract,false-until-contract,false-until-contract,,"No asset, preview, SKU, marketing, AI imitation, copied visual, voice or music until signed license and approval."
licensed.disney.modern-worlds,Modern Disney Worlds,bruno_madrigal,Бруно Мадригаль,Bruno Madrigal,SCREEN_ORIGINAL,,,6,15,LICENSE_REQUIRED,MISSING,false,false,false,false,,,,,,,,,false-until-contract,false-until-contract,false-until-contract,false-until-contract,,"No asset, preview, SKU, marketing, AI imitation, copied visual, voice or music until signed license and approval."
licensed.disney.modern-worlds,Modern Disney Worlds,luisa_madrigal,Луиза Мадригаль,Luisa Madrigal,SCREEN_ORIGINAL,,,6,15,LICENSE_REQUIRED,MISSING,false,false,false,false,,,,,,,,,false-until-contract,false-until-contract,false-until-contract,false-until-contract,,"No asset, preview, SKU, marketing, AI imitation, copied visual, voice or music until signed license and approval."
licensed.disney.modern-worlds,Modern Disney Worlds,isabela_madrigal,Изабела Мадригаль,Isabela Madrigal,SCREEN_ORIGINAL,,,6,15,LICENSE_REQUIRED,MISSING,false,false,false,false,,,,,,,,,false-until-contract,false-until-contract,false-until-contract,false-until-contract,,"No asset, preview, SKU, marketing, AI imitation, copied visual, voice or music until signed license and approval."
licensed.disney.modern-worlds,Modern Disney Worlds,judy_hopps,Джуди Хопс,Judy Hopps,SCREEN_ORIGINAL,,,6,15,LICENSE_REQUIRED,MISSING,false,false,false,false,,,,,,,,,false-until-contract,false-until-contract,false-until-contract,false-until-contract,,"No asset, preview, SKU, marketing, AI imitation, copied visual, voice or music until signed license and approval."
licensed.disney.modern-worlds,Modern Disney Worlds,nick_wilde,Ник Уайлд,Nick Wilde,SCREEN_ORIGINAL,,,6,15,LICENSE_REQUIRED,MISSING,false,false,false,false,,,,,,,,,false-until-contract,false-until-contract,false-until-contract,false-until-contract,,"No asset, preview, SKU, marketing, AI imitation, copied visual, voice or music until signed license and approval."
licensed.disney.modern-worlds,Modern Disney Worlds,baymax,Бэймакс,Baymax,SCREEN_ORIGINAL,,,6,15,LICENSE_REQUIRED,MISSING,false,false,false,false,,,,,,,,,false-until-contract,false-until-contract,false-until-contract,false-until-contract,,"No asset, preview, SKU, marketing, AI imitation, copied visual, voice or music until signed license and approval."
licensed.disney.modern-worlds,Modern Disney Worlds,hiro_hamada,Хиро Хамада,Hiro Hamada,SCREEN_ORIGINAL,,,6,15,LICENSE_REQUIRED,MISSING,false,false,false,false,,,,,,,,,false-until-contract,false-until-contract,false-until-contract,false-until-contract,,"No asset, preview, SKU, marketing, AI imitation, copied visual, voice or music until signed license and approval."
licensed.disney.modern-worlds,Modern Disney Worlds,raya_disney,Райя,Raya,SCREEN_ORIGINAL,,,6,15,LICENSE_REQUIRED,MISSING,false,false,false,false,,,,,,,,,false-until-contract,false-until-contract,false-until-contract,false-until-contract,,"No asset, preview, SKU, marketing, AI imitation, copied visual, voice or music until signed license and approval."
licensed.disney.animal-classics,Disney Animal Classics,dumbo_disney,Дамбо,Dumbo,MIXED_SOURCE,Various literary sources where applicable,Various,5,12,LICENSE_REQUIRED,MISSING,false,false,false,false,,,,,,,,,false-until-contract,false-until-contract,false-until-contract,false-until-contract,,"No asset, preview, SKU, marketing, AI imitation, copied visual, voice or music until signed license and approval."
licensed.disney.animal-classics,Disney Animal Classics,bambi_disney,Бэмби — версия Disney,Bambi,MIXED_SOURCE,Various literary sources where applicable,Various,5,12,LICENSE_REQUIRED,MISSING,false,false,false,false,,,,,,,,,false-until-contract,false-until-contract,false-until-contract,false-until-contract,,"No asset, preview, SKU, marketing, AI imitation, copied visual, voice or music until signed license and approval."
licensed.disney.animal-classics,Disney Animal Classics,lady_disney,Леди,Lady,MIXED_SOURCE,Various literary sources where applicable,Various,5,12,LICENSE_REQUIRED,MISSING,false,false,false,false,,,,,,,,,false-until-contract,false-until-contract,false-until-contract,false-until-contract,,"No asset, preview, SKU, marketing, AI imitation, copied visual, voice or music until signed license and approval."
licensed.disney.animal-classics,Disney Animal Classics,tramp_disney,Бродяга,Tramp,MIXED_SOURCE,Various literary sources where applicable,Various,5,12,LICENSE_REQUIRED,MISSING,false,false,false,false,,,,,,,,,false-until-contract,false-until-contract,false-until-contract,false-until-contract,,"No asset, preview, SKU, marketing, AI imitation, copied visual, voice or music until signed license and approval."
licensed.disney.animal-classics,Disney Animal Classics,dalmatians_disney,Герои «101 далматинец» — версия Disney,101 Dalmatians Cast,MIXED_SOURCE,Various literary sources where applicable,Various,5,12,LICENSE_REQUIRED,MISSING,false,false,false,false,,,,,,,,,false-until-contract,false-until-contract,false-until-contract,false-until-contract,,"No asset, preview, SKU, marketing, AI imitation, copied visual, voice or music until signed license and approval."
licensed.disney.animal-classics,Disney Animal Classics,aristocats_disney,Коты-аристократы,The Aristocats Cast,MIXED_SOURCE,Various literary sources where applicable,Various,5,12,LICENSE_REQUIRED,MISSING,false,false,false,false,,,,,,,,,false-until-contract,false-until-contract,false-until-contract,false-until-contract,,"No asset, preview, SKU, marketing, AI imitation, copied visual, voice or music until signed license and approval."
licensed.disney.pixar-adventures,Disney-Pixar Adventures,woody,Вуди,Woody,SCREEN_ORIGINAL,,,5,15,LICENSE_REQUIRED,MISSING,false,false,false,false,,,,,,,,,false-until-contract,false-until-contract,false-until-contract,false-until-contract,,"No asset, preview, SKU, marketing, AI imitation, copied visual, voice or music until signed license and approval."
licensed.disney.pixar-adventures,Disney-Pixar Adventures,buzz_lightyear,Базз Лайтер,Buzz Lightyear,SCREEN_ORIGINAL,,,5,15,LICENSE_REQUIRED,MISSING,false,false,false,false,,,,,,,,,false-until-contract,false-until-contract,false-until-contract,false-until-contract,,"No asset, preview, SKU, marketing, AI imitation, copied visual, voice or music until signed license and approval."
licensed.disney.pixar-adventures,Disney-Pixar Adventures,jessie_toy_story,Джесси,Jessie,SCREEN_ORIGINAL,,,5,15,LICENSE_REQUIRED,MISSING,false,false,false,false,,,,,,,,,false-until-contract,false-until-contract,false-until-contract,false-until-contract,,"No asset, preview, SKU, marketing, AI imitation, copied visual, voice or music until signed license and approval."
licensed.disney.pixar-adventures,Disney-Pixar Adventures,forky,Вилкинс,Forky,SCREEN_ORIGINAL,,,5,15,LICENSE_REQUIRED,MISSING,false,false,false,false,,,,,,,,,false-until-contract,false-until-contract,false-until-contract,false-until-contract,,"No asset, preview, SKU, marketing, AI imitation, copied visual, voice or music until signed license and approval."
licensed.disney.pixar-adventures,Disney-Pixar Adventures,lightning_mcqueen,Молния Маккуин,Lightning McQueen,SCREEN_ORIGINAL,,,5,15,LICENSE_REQUIRED,MISSING,false,false,false,false,,,,,,,,,false-until-contract,false-until-contract,false-until-contract,false-until-contract,,"No asset, preview, SKU, marketing, AI imitation, copied visual, voice or music until signed license and approval."
licensed.disney.pixar-adventures,Disney-Pixar Adventures,mater,Мэтр,Mater,SCREEN_ORIGINAL,,,5,15,LICENSE_REQUIRED,MISSING,false,false,false,false,,,,,,,,,false-until-contract,false-until-contract,false-until-contract,false-until-contract,,"No asset, preview, SKU, marketing, AI imitation, copied visual, voice or music until signed license and approval."
licensed.disney.pixar-adventures,Disney-Pixar Adventures,nemo_pixar,Немо,Nemo,SCREEN_ORIGINAL,,,5,15,LICENSE_REQUIRED,MISSING,false,false,false,false,,,,,,,,,false-until-contract,false-until-contract,false-until-contract,false-until-contract,,"No asset, preview, SKU, marketing, AI imitation, copied visual, voice or music until signed license and approval."
licensed.disney.pixar-adventures,Disney-Pixar Adventures,dory_pixar,Дори,Dory,SCREEN_ORIGINAL,,,5,15,LICENSE_REQUIRED,MISSING,false,false,false,false,,,,,,,,,false-until-contract,false-until-contract,false-until-contract,false-until-contract,,"No asset, preview, SKU, marketing, AI imitation, copied visual, voice or music until signed license and approval."
licensed.disney.pixar-adventures,Disney-Pixar Adventures,marlin_pixar,Марлин,Marlin,SCREEN_ORIGINAL,,,5,15,LICENSE_REQUIRED,MISSING,false,false,false,false,,,,,,,,,false-until-contract,false-until-contract,false-until-contract,false-until-contract,,"No asset, preview, SKU, marketing, AI imitation, copied visual, voice or music until signed license and approval."
licensed.disney.pixar-adventures,Disney-Pixar Adventures,sulley,Салли,Sulley,SCREEN_ORIGINAL,,,5,15,LICENSE_REQUIRED,MISSING,false,false,false,false,,,,,,,,,false-until-contract,false-until-contract,false-until-contract,false-until-contract,,"No asset, preview, SKU, marketing, AI imitation, copied visual, voice or music until signed license and approval."
licensed.disney.pixar-adventures,Disney-Pixar Adventures,mike_wazowski,Майк Вазовски,Mike Wazowski,SCREEN_ORIGINAL,,,5,15,LICENSE_REQUIRED,MISSING,false,false,false,false,,,,,,,,,false-until-contract,false-until-contract,false-until-contract,false-until-contract,,"No asset, preview, SKU, marketing, AI imitation, copied visual, voice or music until signed license and approval."
licensed.disney.pixar-adventures,Disney-Pixar Adventures,boo_monsters,Бу,Boo,SCREEN_ORIGINAL,,,5,15,LICENSE_REQUIRED,MISSING,false,false,false,false,,,,,,,,,false-until-contract,false-until-contract,false-until-contract,false-until-contract,,"No asset, preview, SKU, marketing, AI imitation, copied visual, voice or music until signed license and approval."
licensed.disney.pixar-adventures,Disney-Pixar Adventures,remy_ratatouille,Реми,Remy,SCREEN_ORIGINAL,,,5,15,LICENSE_REQUIRED,MISSING,false,false,false,false,,,,,,,,,false-until-contract,false-until-contract,false-until-contract,false-until-contract,,"No asset, preview, SKU, marketing, AI imitation, copied visual, voice or music until signed license and approval."
licensed.disney.pixar-adventures,Disney-Pixar Adventures,wall_e,ВАЛЛ-И,WALL-E,SCREEN_ORIGINAL,,,5,15,LICENSE_REQUIRED,MISSING,false,false,false,false,,,,,,,,,false-until-contract,false-until-contract,false-until-contract,false-until-contract,,"No asset, preview, SKU, marketing, AI imitation, copied visual, voice or music until signed license and approval."
licensed.disney.pixar-adventures,Disney-Pixar Adventures,eve_wall_e,ЕВА,EVE,SCREEN_ORIGINAL,,,5,15,LICENSE_REQUIRED,MISSING,false,false,false,false,,,,,,,,,false-until-contract,false-until-contract,false-until-contract,false-until-contract,,"No asset, preview, SKU, marketing, AI imitation, copied visual, voice or music until signed license and approval."
licensed.disney.pixar-adventures,Disney-Pixar Adventures,carl_fredricksen,Карл Фредриксен,Carl Fredricksen,SCREEN_ORIGINAL,,,5,15,LICENSE_REQUIRED,MISSING,false,false,false,false,,,,,,,,,false-until-contract,false-until-contract,false-until-contract,false-until-contract,,"No asset, preview, SKU, marketing, AI imitation, copied visual, voice or music until signed license and approval."
licensed.disney.pixar-adventures,Disney-Pixar Adventures,russell_up,Рассел,Russell,SCREEN_ORIGINAL,,,5,15,LICENSE_REQUIRED,MISSING,false,false,false,false,,,,,,,,,false-until-contract,false-until-contract,false-until-contract,false-until-contract,,"No asset, preview, SKU, marketing, AI imitation, copied visual, voice or music until signed license and approval."
licensed.disney.pixar-adventures,Disney-Pixar Adventures,dug_up,Даг,Dug,SCREEN_ORIGINAL,,,5,15,LICENSE_REQUIRED,MISSING,false,false,false,false,,,,,,,,,false-until-contract,false-until-contract,false-until-contract,false-until-contract,,"No asset, preview, SKU, marketing, AI imitation, copied visual, voice or music until signed license and approval."
licensed.disney.pixar-adventures,Disney-Pixar Adventures,merida_pixar,Мерида,Merida,SCREEN_ORIGINAL,,,5,15,LICENSE_REQUIRED,MISSING,false,false,false,false,,,,,,,,,false-until-contract,false-until-contract,false-until-contract,false-until-contract,,"No asset, preview, SKU, marketing, AI imitation, copied visual, voice or music until signed license and approval."
licensed.disney.pixar-adventures,Disney-Pixar Adventures,miguel_coco,Мигель,Miguel,SCREEN_ORIGINAL,,,5,15,LICENSE_REQUIRED,MISSING,false,false,false,false,,,,,,,,,false-until-contract,false-until-contract,false-until-contract,false-until-contract,,"No asset, preview, SKU, marketing, AI imitation, copied visual, voice or music until signed license and approval."
licensed.disney.pixar-adventures,Disney-Pixar Adventures,hector_coco,Эктор,Héctor,SCREEN_ORIGINAL,,,5,15,LICENSE_REQUIRED,MISSING,false,false,false,false,,,,,,,,,false-until-contract,false-until-contract,false-until-contract,false-until-contract,,"No asset, preview, SKU, marketing, AI imitation, copied visual, voice or music until signed license and approval."
licensed.disney.pixar-adventures,Disney-Pixar Adventures,joy_inside_out,Радость,Joy,SCREEN_ORIGINAL,,,5,15,LICENSE_REQUIRED,MISSING,false,false,false,false,,,,,,,,,false-until-contract,false-until-contract,false-until-contract,false-until-contract,,"No asset, preview, SKU, marketing, AI imitation, copied visual, voice or music until signed license and approval."
licensed.disney.pixar-adventures,Disney-Pixar Adventures,sadness_inside_out,Печаль,Sadness,SCREEN_ORIGINAL,,,5,15,LICENSE_REQUIRED,MISSING,false,false,false,false,,,,,,,,,false-until-contract,false-until-contract,false-until-contract,false-until-contract,,"No asset, preview, SKU, marketing, AI imitation, copied visual, voice or music until signed license and approval."
licensed.disney.pixar-adventures,Disney-Pixar Adventures,anxiety_inside_out,Тревожность,Anxiety,SCREEN_ORIGINAL,,,5,15,LICENSE_REQUIRED,MISSING,false,false,false,false,,,,,,,,,false-until-contract,false-until-contract,false-until-contract,false-until-contract,,"No asset, preview, SKU, marketing, AI imitation, copied visual, voice or music until signed license and approval."
licensed.disney.pixar-adventures,Disney-Pixar Adventures,luca_paguro,Лука Пагуро,Luca Paguro,SCREEN_ORIGINAL,,,5,15,LICENSE_REQUIRED,MISSING,false,false,false,false,,,,,,,,,false-until-contract,false-until-contract,false-until-contract,false-until-contract,,"No asset, preview, SKU, marketing, AI imitation, copied visual, voice or music until signed license and approval."
licensed.disney.pixar-adventures,Disney-Pixar Adventures,alberto_scorfano,Альберто Скорфано,Alberto Scorfano,SCREEN_ORIGINAL,,,5,15,LICENSE_REQUIRED,MISSING,false,false,false,false,,,,,,,,,false-until-contract,false-until-contract,false-until-contract,false-until-contract,,"No asset, preview, SKU, marketing, AI imitation, copied visual, voice or music until signed license and approval."
licensed.disney.pixar-adventures,Disney-Pixar Adventures,mr_incredible,Мистер Исключительный,Mr. Incredible,SCREEN_ORIGINAL,,,5,15,LICENSE_REQUIRED,MISSING,false,false,false,false,,,,,,,,,false-until-contract,false-until-contract,false-until-contract,false-until-contract,,"No asset, preview, SKU, marketing, AI imitation, copied visual, voice or music until signed license and approval."
licensed.disney.pixar-adventures,Disney-Pixar Adventures,elastigirl,Эластика,Elastigirl,SCREEN_ORIGINAL,,,5,15,LICENSE_REQUIRED,MISSING,false,false,false,false,,,,,,,,,false-until-contract,false-until-contract,false-until-contract,false-until-contract,,"No asset, preview, SKU, marketing, AI imitation, copied visual, voice or music until signed license and approval."
licensed.disney.pixar-adventures,Disney-Pixar Adventures,violet_parr,Фиалка Парр,Violet Parr,SCREEN_ORIGINAL,,,5,15,LICENSE_REQUIRED,MISSING,false,false,false,false,,,,,,,,,false-until-contract,false-until-contract,false-until-contract,false-until-contract,,"No asset, preview, SKU, marketing, AI imitation, copied visual, voice or music until signed license and approval."
licensed.disney.pixar-adventures,Disney-Pixar Adventures,dash_parr,Шастик Парр,Dash Parr,SCREEN_ORIGINAL,,,5,15,LICENSE_REQUIRED,MISSING,false,false,false,false,,,,,,,,,false-until-contract,false-until-contract,false-until-contract,false-until-contract,,"No asset, preview, SKU, marketing, AI imitation, copied visual, voice or music until signed license and approval."
licensed.disney.pixar-adventures,Disney-Pixar Adventures,jack_jack,Джек-Джек,Jack-Jack,SCREEN_ORIGINAL,,,5,15,LICENSE_REQUIRED,MISSING,false,false,false,false,,,,,,,,,false-until-contract,false-until-contract,false-until-contract,false-until-contract,,"No asset, preview, SKU, marketing, AI imitation, copied visual, voice or music until signed license and approval."
licensed.disney.pixar-adventures,Disney-Pixar Adventures,ember_elemental,Эмбер,Ember,SCREEN_ORIGINAL,,,5,15,LICENSE_REQUIRED,MISSING,false,false,false,false,,,,,,,,,false-until-contract,false-until-contract,false-until-contract,false-until-contract,,"No asset, preview, SKU, marketing, AI imitation, copied visual, voice or music until signed license and approval."
licensed.disney.pixar-adventures,Disney-Pixar Adventures,wade_elemental,Уэйд,Wade,SCREEN_ORIGINAL,,,5,15,LICENSE_REQUIRED,MISSING,false,false,false,false,,,,,,,,,false-until-contract,false-until-contract,false-until-contract,false-until-contract,,"No asset, preview, SKU, marketing, AI imitation, copied visual, voice or music until signed license and approval."
