item_id,item_type,title_ru,commercial_availability,allowed_modes,age_range,child_safe,quality_tiers,asset_status,rights_status,platforms,notes
skin.base.antique,skin,Старинный фирменный глобус,included-in-base,adult+child,all,true,high|balanced|economy,required-production-ready,owner-original-or-canonical,web-pwa|android-google|android-rustore|ios-ipados,canonical site edition; actual ID from registry
skin.base.modern,skin,Современный атлас,included-in-base,adult+child,all,true,high|balanced|economy,required-production-ready,owner-original-or-canonical,web-pwa|android-google|android-rustore|ios-ipados,canonical geography and localized labels
skin.base.earth,skin,Физическая Земля,included-in-base,adult+child,all,true,high|balanced|economy,required-production-ready,owner-original-or-canonical,web-pwa|android-google|android-rustore|ios-ipados,canonical production equivalent
skin.base.child-educational,skin,Детский учебный глобус,included-in-base,child,3-17,true,high|balanced|economy,required-production-ready,owner-original-or-canonical,web-pwa|android-google|android-rustore|ios-ipados,accurate geography; child-safe overlays
skin.base.planetka-cheerful,skin,Весёлая Планетка,included-in-base,child,3-17,true,high|balanced|economy,required-production-ready,owner-original-or-canonical,web-pwa|android-google|android-rustore|ios-ipados,separate face and limbs
skin.optional.parchment,skin,Пергамент,optional-purchase,adult+child,7-17,true,high|balanced|economy,required-production-ready,owner-original-or-canonical,web-pwa|android-google|android-rustore|ios-ipados,original/cleared
skin.optional.bronze,skin,Бронзовый глобус,optional-purchase,adult,12-17,review,high|balanced|economy,required-production-ready,owner-original-or-canonical,web-pwa|android-google|android-rustore|ios-ipados,original material
skin.optional.constellations,skin,Созвездия,optional-purchase,adult+child,6-17,true,high|balanced|economy,required-production-ready,owner-original-or-canonical,web-pwa|android-google|android-rustore|ios-ipados,accurate/rights-cleared star data
skin.optional.ocean-animals,skin,Океан и животные,optional-purchase,child,3-12,true,high|balanced|economy,required-production-ready,owner-original-or-canonical,web-pwa|android-google|android-rustore|ios-ipados,original animals
skin.optional.puzzle,skin,Планета-пазл,optional-purchase,child,4-12,true,high|balanced|economy,required-production-ready,owner-original-or-canonical,web-pwa|android-google|android-rustore|ios-ipados,original
skin.optional.winter,skin,Зимняя Планетка,optional-purchase,adult+child,3-17,true,high|balanced|economy,required-production-ready,owner-original-or-canonical,web-pwa|android-google|android-rustore|ios-ipados,seasonal original
stand.base.museum,stand,Классическая музейная,included-in-base,adult+child,all,true,high|balanced|economy,required-production-ready,owner-original-or-canonical,web-pwa|android-google|android-rustore|ios-ipados,camera-safe
stand.base.wood,stand,Деревянная,included-in-base,adult+child,all,true,high|balanced|economy,required-production-ready,owner-original-or-canonical,web-pwa|android-google|android-rustore|ios-ipados,original
stand.base.book-stack,stand,Стопка книг,included-in-base,adult+child,all,true,high|balanced|economy,required-production-ready,owner-original-or-canonical,web-pwa|android-google|android-rustore|ios-ipados,original
stand.base.child-book-cloud,stand,Книга на облаке,included-in-base,child,3-17,true,high|balanced|economy,required-production-ready,owner-original-or-canonical,web-pwa|android-google|android-rustore|ios-ipados,original
stand.optional.bronze,stand,Бронзовая,optional-purchase,adult,12-17,review,high|balanced|economy,required-production-ready,owner-original-or-canonical,web-pwa|android-google|android-rustore|ios-ipados,original
stand.optional.gold,stand,Золотая,optional-purchase,adult,12-17,review,high|balanced|economy,required-production-ready,owner-original-or-canonical,web-pwa|android-google|android-rustore|ios-ipados,original
stand.optional.inkwell,stand,Перо и чернильница,optional-purchase,adult+child,7-17,true,high|balanced|economy,required-production-ready,owner-original-or-canonical,web-pwa|android-google|android-rustore|ios-ipados,original
stand.optional.rocket,stand,Ракета,optional-purchase,child,5-14,true,high|balanced|economy,required-production-ready,owner-original-or-canonical,web-pwa|android-google|android-rustore|ios-ipados,original
stand.optional.story-tree,stand,Дерево историй,optional-purchase,child,5-14,true,high|balanced|economy,required-production-ready,owner-original-or-canonical,web-pwa|android-google|android-rustore|ios-ipados,original
background.base.site-starfield,background,Музейное звёздное небо,included-in-base,adult+child,all,true,high|balanced|economy,required-production-ready,owner-original-or-canonical,web-pwa|android-google|android-rustore|ios-ipados,MuseumSkyDome/MuseumStarfield
background.base.library,background,Большая библиотека,included-in-base,adult+child,all,true,high|balanced|economy,required-production-ready,owner-original-or-canonical,web-pwa|android-google|android-rustore|ios-ipados,full 3D High/Balanced
background.base.writer-study,background,Кабинет писателя,included-in-base,adult+child,7-17,true,high|balanced|economy,required-production-ready,owner-original-or-canonical,web-pwa|android-google|android-rustore|ios-ipados,full 3D
background.base.child-room,background,Комната чтения Планетки,included-in-base,child,3-17,true,high|balanced|economy,required-production-ready,owner-original-or-canonical,web-pwa|android-google|android-rustore|ios-ipados,full 3D original
background.base.story-forest,background,Волшебный лес чтения,included-in-base,child,3-14,true,high|balanced|economy,required-production-ready,owner-original-or-canonical,web-pwa|android-google|android-rustore|ios-ipados,full 3D original
background.optional.observatory,background,Небесная обсерватория,optional-purchase,adult+child,7-17,true,high|balanced|economy,required-production-ready,owner-original-or-canonical,web-pwa|android-google|android-rustore|ios-ipados,full 3D
background.optional.map-museum,background,Музей старинных карт,optional-purchase,adult+child,9-17,true,high|balanced|economy,required-production-ready,owner-original-or-canonical,web-pwa|android-google|android-rustore|ios-ipados,full 3D
background.optional.floating-archive,background,Архив парящих книг,optional-purchase,adult+child,7-17,true,high|balanced|economy,required-production-ready,owner-original-or-canonical,web-pwa|android-google|android-rustore|ios-ipados,full 3D reduced-motion fallback
background.optional.underwater-library,background,Подводная библиотека,optional-purchase,child,4-14,true,high|balanced|economy,required-production-ready,owner-original-or-canonical,web-pwa|android-google|android-rustore|ios-ipados,full 3D
background.optional.story-train,background,Поезд историй,optional-purchase,child,5-14,true,high|balanced|economy,required-production-ready,owner-original-or-canonical,web-pwa|android-google|android-rustore|ios-ipados,full 3D
background.optional.aurora,background,Библиотека северного сияния,optional-purchase,adult+child,6-17,true,high|balanced|economy,required-production-ready,owner-original-or-canonical,web-pwa|android-google|android-rustore|ios-ipados,full 3D
accessory.base.quill,accessory,Фирменное перо,included-in-base,child,3-17,true,high|balanced|economy,required-production-ready,owner-original-or-canonical,web-pwa|android-google|android-rustore|ios-ipados,original
accessory.base.backpack,accessory,Рюкзак путешественника,included-in-base,child,3-17,true,high|balanced|economy,required-production-ready,owner-original-or-canonical,web-pwa|android-google|android-rustore|ios-ipados,original
accessory.base.star-scarf,accessory,Звёздный шарф,included-in-base,child,3-17,true,high|balanced|economy,required-production-ready,owner-original-or-canonical,web-pwa|android-google|android-rustore|ios-ipados,original
accessory.base.book-badge,accessory,Книжный значок,included-in-base,child,3-17,true,high|balanced|economy,required-production-ready,owner-original-or-canonical,web-pwa|android-google|android-rustore|ios-ipados,original
accessory.optional.telescope,accessory,Телескоп,optional-purchase,child,6-17,true,high|balanced|economy,required-production-ready,owner-original-or-canonical,web-pwa|android-google|android-rustore|ios-ipados,original
accessory.optional.lantern,accessory,Фонарик для чтения,optional-purchase,child,5-17,true,high|balanced|economy,required-production-ready,owner-original-or-canonical,web-pwa|android-google|android-rustore|ios-ipados,original
