requirement_id,category,item_id,title_ru,required,iap_sku_allowed,rights_required,platforms,acceptance
STARTER-001,skin,skin.base.antique,Старинный фирменный глобус,true,false,owner-original-or-canonical,web-pwa|android-google|android-rustore|ios-ipados,asset exists; checksum; preview/apply; offline; stress; no placeholder
STARTER-002,skin,skin.base.modern,Современный атлас,true,false,owner-original-or-canonical,web-pwa|android-google|android-rustore|ios-ipados,asset exists; checksum; preview/apply; offline; stress; no placeholder
STARTER-003,skin,skin.base.earth,Физическая Земля,true,false,owner-original-or-canonical,web-pwa|android-google|android-rustore|ios-ipados,asset exists; checksum; preview/apply; offline; stress; no placeholder
STARTER-004,skin,skin.base.child-educational,Детский учебный глобус,true,false,owner-original-or-canonical,web-pwa|android-google|android-rustore|ios-ipados,asset exists; checksum; preview/apply; offline; stress; no placeholder
STARTER-005,skin,skin.base.planetka-cheerful,Весёлая Планетка,true,false,owner-original-or-canonical,web-pwa|android-google|android-rustore|ios-ipados,asset exists; checksum; preview/apply; offline; stress; no placeholder
STARTER-006,stand,stand.base.museum,Классическая музейная,true,false,owner-original-or-canonical,web-pwa|android-google|android-rustore|ios-ipados,asset exists; checksum; preview/apply; offline; stress; no placeholder
STARTER-007,stand,stand.base.wood,Деревянная,true,false,owner-original-or-canonical,web-pwa|android-google|android-rustore|ios-ipados,asset exists; checksum; preview/apply; offline; stress; no placeholder
STARTER-008,stand,stand.base.book-stack,Стопка книг,true,false,owner-original-or-canonical,web-pwa|android-google|android-rustore|ios-ipados,asset exists; checksum; preview/apply; offline; stress; no placeholder
STARTER-009,stand,stand.base.child-book-cloud,Книга на облаке,true,false,owner-original-or-canonical,web-pwa|android-google|android-rustore|ios-ipados,asset exists; checksum; preview/apply; offline; stress; no placeholder
STARTER-010,background,background.base.site-starfield,Музейное звёздное небо,true,false,owner-original-or-canonical,web-pwa|android-google|android-rustore|ios-ipados,asset exists; checksum; preview/apply; offline; stress; no placeholder
STARTER-011,background,background.base.library,Большая библиотека,true,false,owner-original-or-canonical,web-pwa|android-google|android-rustore|ios-ipados,asset exists; checksum; preview/apply; offline; stress; no placeholder
STARTER-012,background,background.base.writer-study,Кабинет писателя,true,false,owner-original-or-canonical,web-pwa|android-google|android-rustore|ios-ipados,asset exists; checksum; preview/apply; offline; stress; no placeholder
STARTER-013,background,background.base.child-room,Комната чтения Планетки,true,false,owner-original-or-canonical,web-pwa|android-google|android-rustore|ios-ipados,asset exists; checksum; preview/apply; offline; stress; no placeholder
STARTER-014,background,background.base.story-forest,Волшебный лес чтения,true,false,owner-original-or-canonical,web-pwa|android-google|android-rustore|ios-ipados,asset exists; checksum; preview/apply; offline; stress; no placeholder
STARTER-015,accessory,accessory.base.quill,Фирменное перо,true,false,owner-original-or-canonical,web-pwa|android-google|android-rustore|ios-ipados,asset exists; checksum; preview/apply; offline; stress; no placeholder
STARTER-016,accessory,accessory.base.backpack,Рюкзак путешественника,true,false,owner-original-or-canonical,web-pwa|android-google|android-rustore|ios-ipados,asset exists; checksum; preview/apply; offline; stress; no placeholder
STARTER-017,accessory,accessory.base.star-scarf,Звёздный шарф,true,false,owner-original-or-canonical,web-pwa|android-google|android-rustore|ios-ipados,asset exists; checksum; preview/apply; offline; stress; no placeholder
STARTER-018,accessory,accessory.base.book-badge,Книжный значок,true,false,owner-original-or-canonical,web-pwa|android-google|android-rustore|ios-ipados,asset exists; checksum; preview/apply; offline; stress; no placeholder
STARTER-019,core,canonical-globe,Каноническая Литературная планета,true,false,canonical-or-asset-specific-review,web-pwa|android-google|android-rustore|ios-ipados,complete functional path; no optional purchase required
STARTER-020,core,literary-archive,"Страны, писатели и произведения",true,false,canonical-or-asset-specific-review,web-pwa|android-google|android-rustore|ios-ipados,complete functional path; no optional purchase required
STARTER-021,core,search-favorites-offline,"Поиск, коллекция и базовый офлайн",true,false,canonical-or-asset-specific-review,web-pwa|android-google|android-rustore|ios-ipados,complete functional path; no optional purchase required
STARTER-022,child,child-mode,Детский режим и Parent Center,true,false,canonical-or-asset-specific-review,web-pwa|android-google|android-rustore|ios-ipados,complete functional path; no optional purchase required
STARTER-023,child,planetka,Планетка и базовые маршруты,true,false,canonical-or-asset-specific-review,web-pwa|android-google|android-rustore|ios-ipados,complete functional path; no optional purchase required
STARTER-024,world,world.planetka,Мир Планетки,true,false,canonical-or-asset-specific-review,web-pwa|android-google|android-rustore|ios-ipados,complete functional path; no optional purchase required
STARTER-025,world,world.russian-folklore,Лес русских сказок,true,false,canonical-or-asset-specific-review,web-pwa|android-google|android-rustore|ios-ipados,complete functional path; no optional purchase required
STARTER-026,world,world.pushkin,Сказки Пушкина,true,false,canonical-or-asset-specific-review,web-pwa|android-google|android-rustore|ios-ipados,complete functional path; no optional purchase required
STARTER-027,world,world.andersen,Мир Андерсена,true,false,canonical-or-asset-specific-review,web-pwa|android-google|android-rustore|ios-ipados,complete functional path; no optional purchase required
STARTER-028,world,world.alice-literary,Литературная Алиса без Disney-образа,true,false,canonical-or-asset-specific-review,web-pwa|android-google|android-rustore|ios-ipados,complete functional path; no optional purchase required
STARTER-029,world,world.oz-literary,Литературная страна Оз без экранизационных образов,true,false,canonical-or-asset-specific-review,web-pwa|android-google|android-rustore|ios-ipados,complete functional path; no optional purchase required
