store,rejection_class,likely_message_or_issue,root_cause_checks,required_remediation,regression_evidence,metadata_or_console_update,owner_action,resubmission_gate,status
Apple,STABILITY,"App crashes, hangs, shows blank globe or unfinished state","Reproduce exact submitted IPA; inspect startup, network, WebGL and lifecycle logs",Fix root cause; add Economy fallback; remove endless loader,"Exact-build crash, launch and WebGL tests; video; fix commit",Update review notes and known limitations only when truthful,Select the corrected build and resubmit,New build number; full Apple smoke green,TEMPLATE
Apple,REVIEW_ACCESS,"Reviewer cannot access account, child mode, store or protected feature","Check credential health, backend, OTP, biometric and regional dependency",Provide durable review account/PIN and exact steps without owner intervention,Clean-install external-network access test,Replace App Review Information credentials and instructions,Enter secure credentials and resubmit,Access health green for exact build,TEMPLATE
Apple,PARENT_GATE,Child can purchase or follow an external link without parental gate,"Test Back, deep link, restart, share, store and route restore",Fix Parent Gate and pre-render child policy; add bypass tests,Parent Gate E2E matrix and video,Explain exact gate path in Review Notes,Approve corrected child flow and resubmit,All bypass tests green,TEMPLATE
Apple,KIDS_CATEGORY,"Kids Category or child-facing claims conflict with SDK, data or links","Review category selection, SDKs, data flow, metadata and external actions",Remove incorrect category/claims or fully comply after owner/legal decision,"Privacy, SDK and child-safety audit","Update category, age band and metadata",Make the explicit category decision,Owner approval and all store fields consistent,TEMPLATE
Apple,AGE_RATING,Age rating understates adult literary themes,Review whole-binary content inventory and questionnaire answers,Correct questionnaire and/or access controls; disclose sensitive themes,Age-content inventory and child-isolation tests,Update age-rating answers,Approve final rating,Questionnaire maps to exact RC,TEMPLATE
Apple,IAP,"IAP is unavailable, not restorable or not reviewable","Check product state, paid agreements, sandbox, StoreKit and backend verification",Fix configuration/code; expose Restore; provide exact test path,"Purchase, pending, restore, refund and revocation tests",Submit IAP/build together and update Review Notes,Complete App Store Connect product/agreement fields,Sandbox green and reviewer-accessible,TEMPLATE
Apple,ACCOUNT_DELETION,Account creation exists without in-app deletion,"Audit all account entry points, deletion and retention",Implement discoverable in-app deletion and server workflow,Deletion E2E and retention evidence,Update privacy policy and Review Notes,Approve lawful-retention wording,Deletion works on review account,TEMPLATE
Apple,PRIVACY,"App Privacy, privacy manifest or policy differs from SDK/network behavior","Compare code, SDKs, native declarations, traffic and backend data",Correct code or declarations; remove unjustified SDK,Network diff and privacy schema tests,Update App Privacy and policy,Approve final declarations,Exact RC inventory matches fields,TEMPLATE
Apple,METADATA_TRUTH,Screenshots or description show unavailable/unlicensed features,Compare listing assets to exact RC and rights manifest,"Remove, recapture or rewrite; exclude concept collage",Screenshot-to-build trace and rights scan,"Replace screenshots, description and keywords",Approve final listing,Every claim and image maps to RC,TEMPLATE
Apple,INTELLECTUAL_PROPERTY,"Rights for portraits, covers, characters, maps or audio not proven","Audit asset manifest, licenses, platform, territory and term",Remove asset or supply adequate scoped rights evidence,Rights-clean binary scan and evidence dossier,Remove trademarked listing content when needed,Supply legal evidence or approve removal,No unresolved asset in binary/listing,TEMPLATE
Apple,TOOLCHAIN,Build uses unsupported Xcode or SDK,Check build identity against current Apple requirement,Rebuild with accepted Xcode and iOS/iPadOS SDK,Archive log and toolchain report,Select new build,Provide signing environment if external,Current-toolchain gate green,TEMPLATE
Google Play,PAID_STATUS,Intended paid app is configured free or was publicly offered free,"Inspect Play Console status, history and package",Block rollout; configure paid before first public release; decide on new package if already free,Paid-distribution preflight,"Set price, countries and payments profile",Owner console decision/action,Paid-status evidence attached,TEMPLATE
Google Play,APP_ACCESS,Reviewer cannot access restricted app content,"Validate App Access instructions, account, PIN and backend",Provide reusable credentials and all steps without OTP,Clean-install external-network test,Update App Access form,Enter secure credentials,All restricted flows accessible,TEMPLATE
Google Play,TARGET_AUDIENCE,Target audience or Families answers conflict with child UI,"Compare selected ages, mascot, content, SDK, store and data behavior",Correct declarations and child implementation,Target-audience matrix and child tests,Update Target audience and content,Approve general/family strategy,Exact RC and console answers align,TEMPLATE
Google Play,DATA_SAFETY,Data Safety or privacy policy mismatch,"Audit traffic, SDKs, accounts, purchase verification and child data",Fix data flow or declarations; update policy,Release traffic scan and deletion tests,"Update Data Safety, privacy and deletion URL",Approve declarations,Inventory-to-console diff zero,TEMPLATE
Google Play,ACCOUNT_DELETION,Deletion unavailable in app or external web,"Audit account creation, deletion routes and retention",Implement both required paths,Deletion E2E,Set deletion URL and privacy wording,Approve legal wording,Clean review account deletion passes,TEMPLATE
Google Play,PERMISSIONS,Sensitive/restricted permission is unjustified,"Inspect merged manifest, plugins and runtime prompts",Remove permission or justify it and implement denial path,Permission diff and denied-flow tests,Update declarations if retained,Approve only genuinely necessary permission,Allowlist and console fields match,TEMPLATE
Google Play,BILLING,Digital product bypasses Play Billing or purchase lifecycle is broken,"Inspect checkout links, Billing version, verification, pending and acknowledgement",Use compliant current purchase path; fix backend lifecycle,Billing sandbox and integrity tests,Update products and review instructions,Complete Play product/console setup,All purchase states green,TEMPLATE
Google Play,TECHNICAL,"Crash, ANR, broken button, blank globe or old target API","Inspect pre-launch report, exact AAB, target API and device matrix","Fix, rebuild and update target/toolchain",Technical smoke and performance tests,Upload new AAB,Roll out only after green,No P0/P1; current target gate green,TEMPLATE
Google Play,METADATA,"Misleading title, screenshots, claims or unauthorized marks","Compare exact RC, listing and rights evidence",Correct listing and recapture screenshots,Metadata lint and screenshot trace,Update Play listing,Approve final assets,Truth gate green,TEMPLATE
RuStore,STANDALONE,Application appears to only redirect to a website,"Verify offline/local globe, navigation and content capabilities",Ensure complete standalone product and document it,Offline standalone flow video and tests,Update moderator comments and description,Approve final explanation,Core works without website page,TEMPLATE
RuStore,TEST_ACCESS,Moderator cannot authorize or see all functions,"Validate test account, PIN, demo/review mode and backend",Provide stable credentials and full path,Clean-install review-access test,Fill Comments for moderators,Enter secure data,All flows accessible,TEMPLATE
RuStore,PAID_TYPE,App without free functionality is not marked Paid or price is missing,"Inspect console app type, monetization and price",Configure Paid and monetization,Paid model dossier,Set type and price,Owner console action,Paid configuration evidence,TEMPLATE
RuStore,IP,Third-party IP or official claim lacks evidence,"Audit rights manifest, brand, characters and assets",Remove or provide documents,Rights scan and dossier,"Correct name, description and screenshots",Supply evidence or approve removal,No blocked asset or claim,TEMPLATE
RuStore,PERMISSIONS,Prohibited or unjustified sensitive permission,Inspect APK manifest and plugin source,Remove or give sufficient purpose and fallback,Permission scan and denial tests,Fill User Data Safety permissions,Approve declaration,No prohibited permission,TEMPLATE
RuStore,STORE_LINKS,"Link to Google Play, App Store or other storefront is found","Scan binary, UI, deep links and update messages",Remove competitor-store links from RuStore variant,Store-variant scan,Update listing if necessary,None beyond submission,Store-clean variant green,TEMPLATE
RuStore,VERSION_SIGNING,Version is lower than another store or signature mismatches,"Check release train, version code and certificate",Synchronize release and rebuild with correct signing,Install/update/signature evidence,Upload corrected artifact,Use production signing secret,Update installs over prior version,TEMPLATE
RuStore,SCREENSHOTS_NAME,Listing name/screenshots differ from installed/current app,"Compare installed label, exact APK and captures",Align identity and recapture exact build,Artifact/screenshot trace,Replace listing assets,Approve final listing,Identity/truth gate green,TEMPLATE
RuStore,STABILITY,"Crashes, freezes, errors or layout issues",Run exact APK on device matrix,Fix and add fallback/regression,Device smoke and video,Upload new version,Resubmit,No P0/P1,TEMPLATE
All,UNLICENSED_DISNEY,Disney/Pixar or protected asset/name appears without license,"Scan binary, manifests, screenshots, metadata and remote packages",Remove entirely or supply signed scoped license and approvals,Rights-clean scan and license dossier,Remove all related listing content,Provide license or approve exclusion,Zero unresolved protected assets,TEMPLATE
All,CHILD_LEAK,Adult content is reachable from child mode,"Test search, direct ID, deep link, cache, history, offline and restart",Fix deny-by-default pre-render policy,Complete child-bypass matrix,Update age/child explanations if needed,Approve corrected RC,All bypass tests green,TEMPLATE
All,FALSE_POSITIVE,Reviewer misunderstanding or nonreproducible finding,"Restore exact submitted build, credentials, backend health and instructions",Improve access/notes if needed and provide factual evidence,Reproduction report and video,Clarify notes only; do not hide behavior,Send respectful response,Evidence tied to exact build,TEMPLATE
