stage_id,stage_name,scope,status,entry_criteria,exit_criteria,mandatory_commands,artifacts,external_blocker_allowed,next_stage
S00,Repository safety and current baseline,CANON; repo/PR/CI; owner locks,NOT_STARTED,previous stage complete or parallel-safe documented,all mapped internal requirements passed; evidence and atomic commit,stage-specific narrow + boundary tests,docs/reports/builds,only credentials/signing/store/legal/license/manual review,automatic
S01,Product architecture and traceability,Architecture; state machines; requirements,NOT_STARTED,previous stage complete or parallel-safe documented,all mapped internal requirements passed; evidence and atomic commit,stage-specific narrow + boundary tests,docs/reports/builds,only credentials/signing/store/legal/license/manual review,automatic
S02,Shared site-first extraction,Domain/globe/content/brand adapters,NOT_STARTED,previous stage complete or parallel-safe documented,all mapped internal requirements passed; evidence and atomic commit,stage-specific narrow + boundary tests,docs/reports/builds,only credentials/signing/store/legal/license/manual review,automatic
S03,Paid Web/PWA edition,Install/license/offline/SW,NOT_STARTED,previous stage complete or parallel-safe documented,all mapped internal requirements passed; evidence and atomic commit,stage-specific narrow + boundary tests,docs/reports/builds,only credentials/signing/store/legal/license/manual review,automatic
S04,Mobile shell and native projects,Capacitor; navigation; Android/iOS,NOT_STARTED,previous stage complete or parallel-safe documented,all mapped internal requirements passed; evidence and atomic commit,stage-specific narrow + boundary tests,docs/reports/builds,only credentials/signing/store/legal/license/manual review,automatic
S05,Brand splash and onboarding,Orange; logo; adult/child entry,NOT_STARTED,previous stage complete or parallel-safe documented,all mapped internal requirements passed; evidence and atomic commit,stage-specific narrow + boundary tests,docs/reports/builds,only credentials/signing/store/legal/license/manual review,automatic
S06,Canonical globe integration,One runtime; lifecycle; parity,NOT_STARTED,previous stage complete or parallel-safe documented,all mapped internal requirements passed; evidence and atomic commit,stage-specific narrow + boundary tests,docs/reports/builds,only credentials/signing/store/legal/license/manual review,automatic
S07,Premium responsive globe UX,Touch; sheets; focus; accessibility,NOT_STARTED,previous stage complete or parallel-safe documented,all mapped internal requirements passed; evidence and atomic commit,stage-specific narrow + boundary tests,docs/reports/builds,only credentials/signing/store/legal/license/manual review,automatic
S08,Content export and signed manifests,General/child packages; rollback,NOT_STARTED,previous stage complete or parallel-safe documented,all mapped internal requirements passed; evidence and atomic commit,stage-specific narrow + boundary tests,docs/reports/builds,only credentials/signing/store/legal/license/manual review,automatic
S09,Country/writer/work screens,Real assets; verified content,NOT_STARTED,previous stage complete or parallel-safe documented,all mapped internal requirements passed; evidence and atomic commit,stage-specific narrow + boundary tests,docs/reports/builds,only credentials/signing/store/legal/license/manual review,automatic
S10,Search/collection/passport,Adult/child indexes; resume,NOT_STARTED,previous stage complete or parallel-safe documented,all mapped internal requirements passed; evidence and atomic commit,stage-specific narrow + boundary tests,docs/reports/builds,only credentials/signing/store/legal/license/manual review,automatic
S11,Offline/download/sync,Storage; recovery; conflict,NOT_STARTED,previous stage complete or parallel-safe documented,all mapped internal requirements passed; evidence and atomic commit,stage-specific narrow + boundary tests,docs/reports/builds,only credentials/signing/store/legal/license/manual review,automatic
S12,Paid Base Edition and Starter Set,Base entitlement; completeness,NOT_STARTED,previous stage complete or parallel-safe documented,all mapped internal requirements passed; evidence and atomic commit,stage-specific narrow + boundary tests,docs/reports/builds,only credentials/signing/store/legal/license/manual review,automatic
S13,Skins/stands/accessories,Catalog; preview; performance,NOT_STARTED,previous stage complete or parallel-safe documented,all mapped internal requirements passed; evidence and atomic commit,stage-specific narrow + boundary tests,docs/reports/builds,only credentials/signing/store/legal/license/manual review,automatic
S14,Full-3D background engine,Scenes; tiers; transactional switch,NOT_STARTED,previous stage complete or parallel-safe documented,all mapped internal requirements passed; evidence and atomic commit,stage-specific narrow + boundary tests,docs/reports/builds,only credentials/signing/store/legal/license/manual review,automatic
S15,Planetka and journeys,Mascot; dialogue; routes; audio,NOT_STARTED,previous stage complete or parallel-safe documented,all mapped internal requirements passed; evidence and atomic commit,stage-specific narrow + boundary tests,docs/reports/builds,only credentials/signing/store/legal/license/manual review,automatic
S16,Child mode and Parent Gate,Exact age; sealed policy; tests,NOT_STARTED,previous stage complete or parallel-safe documented,all mapped internal requirements passed; evidence and atomic commit,stage-specific narrow + boundary tests,docs/reports/builds,only credentials/signing/store/legal/license/manual review,automatic
S17,Literary characters/StoryWorld,Cleared worlds and education,NOT_STARTED,previous stage complete or parallel-safe documented,all mapped internal requirements passed; evidence and atomic commit,stage-specific narrow + boundary tests,docs/reports/builds,only credentials/signing/store/legal/license/manual review,automatic
S18,Disney licensing infrastructure,Blocked catalog; expiry/rights,NOT_STARTED,previous stage complete or parallel-safe documented,all mapped internal requirements passed; evidence and atomic commit,stage-specific narrow + boundary tests,docs/reports/builds,only credentials/signing/store/legal/license/manual review,automatic
S19,Optional store UX,Catalog; price; child boundary,NOT_STARTED,previous stage complete or parallel-safe documented,all mapped internal requirements passed; evidence and atomic commit,stage-specific narrow + boundary tests,docs/reports/builds,only credentials/signing/store/legal/license/manual review,automatic
S20,Platform purchase providers,StoreKit; Play; RuStore; Web,NOT_STARTED,previous stage complete or parallel-safe documented,all mapped internal requirements passed; evidence and atomic commit,stage-specific narrow + boundary tests,docs/reports/builds,only credentials/signing/store/legal/license/manual review,automatic
S21,Server verification/entitlements,Restore/refund/revoke/reconcile,NOT_STARTED,previous stage complete or parallel-safe documented,all mapped internal requirements passed; evidence and atomic commit,stage-specific narrow + boundary tests,docs/reports/builds,only credentials/signing/store/legal/license/manual review,automatic
S22,Admin owner self-service,CMS; products; rights; releases,NOT_STARTED,previous stage complete or parallel-safe documented,all mapped internal requirements passed; evidence and atomic commit,stage-specific narrow + boundary tests,docs/reports/builds,only credentials/signing/store/legal/license/manual review,automatic
S23,Accessibility/localization/security/privacy,A11y; language; compliance,NOT_STARTED,previous stage complete or parallel-safe documented,all mapped internal requirements passed; evidence and atomic commit,stage-specific narrow + boundary tests,docs/reports/builds,only credentials/signing/store/legal/license/manual review,automatic
S24,Performance/reliability/device hardening,Budgets; soak; recovery,NOT_STARTED,previous stage complete or parallel-safe documented,all mapped internal requirements passed; evidence and atomic commit,stage-specific narrow + boundary tests,docs/reports/builds,only credentials/signing/store/legal/license/manual review,automatic
S25,Full QA and parity,Tests; store-review simulation,NOT_STARTED,previous stage complete or parallel-safe documented,all mapped internal requirements passed; evidence and atomic commit,stage-specific narrow + boundary tests,docs/reports/builds,only credentials/signing/store/legal/license/manual review,automatic
S26,Store/legal/release candidates,Artifacts; metadata; prices,NOT_STARTED,previous stage complete or parallel-safe documented,all mapped internal requirements passed; evidence and atomic commit,stage-specific narrow + boundary tests,docs/reports/builds,only credentials/signing/store/legal/license/manual review,automatic
S27,Operations/no-return handoff,Support; backup; PR; owner steps,NOT_STARTED,previous stage complete or parallel-safe documented,all mapped internal requirements passed; evidence and atomic commit,stage-specific narrow + boundary tests,docs/reports/builds,only credentials/signing/store/legal/license/manual review,automatic
S28,Moderation precheck,"Exact RC age, privacy, permissions, rights, access, screenshots, toolchain and smoke",NOT_STARTED,S27 complete and exact RC candidates available,All MOD precheck requirements pass or only objective console-only blockers remain,mobile:moderation:check; store-specific prechecks,precheck reports; scorecard; exact RC identities,store console credentials/signing only; no internal gate,S29
S29,Reviewer access and store dossiers,"Accounts, Parent PIN, sandbox IAP, Apple/Google/RuStore dossiers",NOT_STARTED,S28 passed,Clean-install external-network reviewer access and complete dossiers,review-access health; sandbox purchase; dossier validation,review directories; videos; access test reports,secure console field entry/manual account provisioning,S30
S30,Listing truth and artifact match,"Exact-RC screenshots, metadata, rights, paid model and artifact freeze",NOT_STARTED,S29 passed,Every screenshot/claim maps to exact RC and rights-clean artifact,screenshot trace; metadata lint; artifact scan; reproducibility,screenshot inventory; listing snapshots; artifact checksums,owner approval and console upload only,S31
S31,Rejection and resubmission readiness,"Simulated rejections, response drafts, ledger and final moderation handoff",NOT_STARTED,S30 passed,Rejection playbook tested; moderation dossiers complete; owner-minimal preparation may begin,rejection simulation; moderation scorecard; final release check,rejection ledger; response templates; moderation owner handoff,manual submission/reviewer communication/legal decision,S32
S32,"Owner input, SAFE_PAID_BILINGUAL_V1 and secrets/signing preparation",Single owner config; missing-input report; safe release profile; names-only secrets,NOT_STARTED,S31 complete,"owner input pipeline, safe profile and secret/signing instructions pass",release:owner:init; release:owner:validate; release:owner:missing,owner input schema/example; missing report; secret matrix; final profile,owner legal identity and secret values only,S33
S33,"Regional compliance, DSA/export and Android verification",Territories; trader; encryption; privacy APIs; developer/package verification,NOT_STARTED,S32 complete,all technical/compliance worksheets complete and only owner/account actions remain,release:compliance:apple; release:compliance:android; release:territories,DSA/export/privacy reports; Android verification report; territory matrix,legal/store identity verification and documents,S34
S34,One-command preparation and official-API draft packages,Build all; preflight; screenshots; metadata; dossiers; dry-run draft uploads,NOT_STARTED,S33 complete,release:prepare:all succeeds and every platform draft package is ready,release:prepare:all; release:preflight:all; release:upload:drafts --dry-run,owner handoff folder; console worksheets; draft packages; automation state,"store API keys, app records, signing and merchant credentials",S35
S35,Final owner approval and launch handoff,One approval report; minimal owner actions; staged launch and 72-hour operations,NOT_STARTED,S34 complete or only objective external blockers remain,Owner-minimal handoff complete; bilingual release work may begin,release:owner:handoff; release:status; release:final,FINAL_OWNER_APPROVAL; FINAL_OWNER_ACTIONS; 72-hour runbook; final PR,"manual approval, submit, release, reviewer response and merge",S36
S36,Internationalization foundation and state-preserving language switching,Shared catalogs; locale negotiation; native per-app languages; web metadata; state preservation,NOT_STARTED,S35 complete,"Russian/English architecture, bootstrap, switch and static i18n gates pass",i18n:extract; i18n:types; i18n:hardcoded; i18n:native; i18n:web-seo,locale config; catalog coverage; switch-state tests; native/web reports,none,S37
S37,"Complete English UI, native, store, legal and support surfaces",UI strings; errors; native resources; metadata; legal/support; screenshots preparation,NOT_STARTED,S36 complete,English critical UI/native/store/legal/support coverage reaches 100 percent,i18n:coverage; i18n:placeholders; store:locales; legal:locale-parity,English catalogs; native resources; store/legal/support packages,owner/legal approval only after complete drafts,S38
S38,"English literary content, names, titles, search and CMS workflow",Base Edition translations; authority names/titles; aliases; CMS; translation memory,NOT_STARTED,S37 complete,Base Edition English coverage 100 percent; names/titles/search/CMS gates pass,content:translate:en; content:semantic-diff; names:verify; search:aliases; cms:translation:e2e,translation units; glossary/memory; name-title evidence; search indexes; CMS reports,specific rights/legal evidence only; no raw translation owner task,S39
S39,"English child mode, Planetka, audio, offline and bilingual QA",Child content; Planetka; audio/transcripts; offline packs; pseudo/localized accessibility and device tests,NOT_STARTED,S38 complete,English child/audio/offline complete and full bilingual test matrix passes,child:bilingual; planetka:en; audio:en; offline:locales; i18n:pseudo; i18n:all,child/audio/offline packages; bilingual E2E; visual/a11y reports,voice/right approval after complete production candidates,S40
S40,"Bilingual release dossiers, screenshots, owner approval and final handoff",Localized store submissions; exact-RC screenshots; metrics; owner/reviewer/post-build handoff,NOT_STARTED,S39 complete,All BIL requirements pass; bilingual owner can submit without translation or code work,bilingual:release:gate; screenshots:locales; review:dossiers:locales; release:owner:handoff,localized dossiers/screenshots; bilingual metrics; owner approval; RU/EN guides; final PR,manual owner/legal/store approval submission release and merge,FINAL_HANDOFF
