secret_id,platform,secret_name,purpose,scope,environment,storage,least_privilege,rotation,backup,owner_action,never_log
SEC-001,Apple,APP_STORE_CONNECT_KEY_ID,API identity,single app if possible,production,GitHub/CI secret,yes,on compromise/role change,secure owner vault,create API key and store reference,true
SEC-002,Apple,APP_STORE_CONNECT_ISSUER_ID,API identity,organization,production,GitHub/CI secret,yes,with key lifecycle,secure owner vault,copy issuer ID securely,true
SEC-003,Apple,APP_STORE_CONNECT_PRIVATE_KEY,JWT signing,single app/team role,production,encrypted CI secret/file,yes,revoke/replace,offline encrypted backup,upload .p8 securely,true
SEC-004,Apple,IOS_SIGNING_REFERENCE,archive signing,app/team,production,Apple signing/CI secret,yes,certificate lifecycle,secure backup/documentation,configure signing,true
SEC-005,Google Play,GOOGLE_PLAY_SERVICE_ACCOUNT_JSON,Publishing API,single app,production,encrypted CI secret/file,yes,role/key lifecycle,secure owner vault,create service account and grant minimal app access,true
SEC-006,Android,ANDROID_UPLOAD_KEYSTORE,AAB/APK upload signing,app,production,encrypted CI secret/file,yes,planned recovery,offline encrypted backup,create/provide upload key,true
SEC-007,Android,ANDROID_UPLOAD_KEY_ALIAS,signing alias,app,production,CI secret,yes,with keystore,secure owner vault,provide alias,true
SEC-008,Android,ANDROID_UPLOAD_KEY_PASSWORD,signing,app,production,CI secret,yes,on compromise,secure owner vault,provide password,true
SEC-009,Android,ANDROID_KEYSTORE_PASSWORD,signing,app,production,CI secret,yes,on compromise,secure owner vault,provide password,true
SEC-010,RuStore,RUSTORE_PUBLIC_API_TOKEN,draft/version asset upload,app,production,CI secret,yes,token lifecycle,secure owner vault,create Public API token,true
SEC-011,RuStore,RUSTORE_PAY_SECRET_REFERENCE,Pay SDK/server verification,app/product,sandbox/production separate,server secret store,yes,merchant policy,secure owner vault,complete merchant setup,true
SEC-012,Web/PWA,WEB_PSP_API_SECRET,paid web license,merchant,sandbox/production separate,server secret store,yes,provider policy,secure owner vault,create merchant account,true
SEC-013,Web/PWA,WEB_PSP_WEBHOOK_SECRET,webhook verification,merchant endpoint,sandbox/production separate,server secret store,yes,provider policy,secure owner vault,configure webhook,true
SEC-014,Backend,PURCHASE_VERIFICATION_SECRETS,store verification,per store/app,sandbox/production separate,server secret store,yes,store policy,secure owner vault,configure per-provider verification,true
