territory_id,territory_or_group,release_set,apple_available,google_available,rustore_available,web_available,language_ready,payment_ready,tax_trader_ready,privacy_legal_ready,rights_ready,support_ready,child_audience_ready,special_gate,default_status,owner_decision
TER-001,Internal/TestFlight/Closed tracks,TEST_ONLY,true,true,true,true,true,sandbox,not_applicable,true,true,true,true,review credentials/signing,INCLUDE,approve
TER-002,Russian-speaking initial territories,SAFE_INITIAL,recheck,recheck,recheck,true,ru,owner,owner,owner,owner,ru support,owner,payment/store availability,PENDING_OWNER,select exact countries
TER-003,European Union,SAFE_INITIAL_OR_EXPANDED,true,true,n/a_or_recheck,true,ru/en as offered,owner,DSA trader/VAT/tax,GDPR/consumer/terms,asset-by-asset,EU support,Families/Kids,Apple DSA + current EU terms,PENDING_OWNER,approve after compliance
TER-004,France,SAFE_INITIAL_OR_EXPANDED,true,true,n/a_or_recheck,true,ru/en/fr only if complete,owner,DSA/tax,privacy/consumer,asset-by-asset,support,Families/Kids,Apple encryption/export review if relevant,PENDING_OWNER,approve
TER-005,Brazil/Indonesia/Singapore/Thailand,SAFE_INITIAL_OR_EXPANDED,true,true,n/a_or_recheck,true,supported locale,owner,owner,owner,rights,support,child declaration,Android developer verification from 2026-09-30 snapshot,PENDING_OWNER,approve after registration
TER-006,Other App Store/Play territories,EXPANDED,recheck,recheck,n/a,true,localized/supportable,owner,owner,owner,rights,support,audience,store/legal/rights matrix,EXCLUDE_BY_DEFAULT,later rollout
TER-007,Territories excluded by rights/sanctions/payment,EXCLUDED,false_or_recheck,false_or_recheck,false_or_recheck,false,n/a,false,false,false,false,false,false,legal/payment/rights restriction,EXCLUDE,none
TER-008,United States,SAFE_INITIAL_OR_EXPANDED,true,true,n/a_or_recheck,true,en required unless supported alternative approved,owner,owner,COPPA/privacy/consumer review,asset-by-asset,US support,COPPA and store child declarations,child-directed/actual-knowledge/data-flow assessment,PENDING_OWNER_LEGAL,approve only after child privacy review
TER-009,United Kingdom,SAFE_INITIAL_OR_EXPANDED,true,true,n/a_or_recheck,true,en required,owner,owner,UK GDPR/Children's Code/consumer review,asset-by-asset,UK support,Children's Code and store child declarations,age-appropriate design/DPIA/privacy default,PENDING_OWNER_LEGAL,approve only after child privacy review
